code,name,group,energy_kj,energy_kcal,fat_g,saturates_g,carbohydrate_g,total_sugars_g,fibre_aoac_g,protein_g,sodium_mg
13-145,"Ackee, canned, drained",DG,625,151,15.2,N,0.8,0.8,,2.9,240
13-146,"Agar, dried",DG,67,16,1.2,0.30,Tr,Tr,,1.3,110
13-147,"Agar, dried, soaked and drained",DG,7,2,0.1,Tr,Tr,Tr,,0.2,10
13-148,"Alfalfa sprouts, raw",DG,100,24,0.7,N,0.4,0.3,,4.0,6
13-801,"Allspice, ground",H,N,N,8.7,2.50,N,N,,6.1,77
14-870,"Almonds, flaked and ground",GA,2534,612,55.8,4.43,6.9,4.2,N,21.1,14
14-897,"Almonds, toasted",GA,2394,579,52.5,4.09,5.9,5.1,10.9,21,3
14-898,"Almonds, weighed with shells",GA,847,205,18.5,1.41,1.9,1.6,4.6,7.8,Tr
14-896,"Almonds, whole kernels",GA,2292,554,49.9,3.8,5.3,4.5,12.5,21.2,1
13-150,"Amaranth leaves, boiled in unsalted water",DG,67,16,0.3,0.10,0.3,0.2,,3.0,11
13-149,"Amaranth leaves, raw",DG,75,18,0.3,0.10,0.3,0.2,,3.5,13
14-001,Amla,FA,243,58,0.1,Tr,13.7,N,,0.5,5
16-448,"Anchovies, canned in oil, drained",JC,798,191,10.0,1.60,0.0,0.0,0.0,25.2,5870
13-802,Anise seeds,H,N,N,15.9,2.30,N,N,,17.6,16
14-272,"Apple juice concentrate, unsweetened, commerical",PE,952,223,0.6,0.10,57.6,57.6,,0.5,11
14-331,"Apple juice, clear, ambient and chilled",FC,157,37,Tr,Tr,9.7,9.7,Tr,0.1,3
17-851,"Apple sauce, homemade",WC,336,79,0.2,0.05,20.2,20.2,1.4,0.3,2
14-344,"Apples, cooking, baked with sugar, flesh only",FA,292,69,0.4,0.07,17.1,17.1,1.9,0.2,1
14-345,"Apples, cooking, baked with sugar, flesh only, weighed with skin",FA,243,57,0.3,0.06,14.3,14.3,1.6,0.2,1
14-342,"Apples, cooking, baked without sugar, flesh only",FA,201,47,0.4,0.07,11.4,11.4,2.0,0.2,1
14-343,"Apples, cooking, baked without sugar, flesh only, weighed with skin",FA,168,40,0.3,0.06,9.6,9.6,1.7,0.2,1
14-362,"Apples, cooking, raw, flesh only, peeled",F,159,37,0.3,0.06,8.9,8.9,1.7,0.3,2
14-363,"Apples, cooking, raw, flesh only, weighed with skin and core",F,116,27,0.2,0.04,6.5,6.4,1.2,0.2,1
14-332,"Apples, cooking, stewed with sugar, flesh only",FA,346,81,0.3,0.06,20.8,20.8,1.4,0.2,1
14-320,"Apples, cooking, stewed without sugar, flesh only",FA,169,40,0.3,0.06,9.7,9.7,1.7,0.2,1
14-016,"Apples, eating, dried",FA,1014,238,0.5,0.10,60.1,60.1,,2.0,16
14-319,"Apples, eating, raw, flesh and skin",FA,215,51,0.5,0.12,11.6,11.6,1.2,0.6,1
14-346,"Apples, eating, raw, flesh and skin, weighed with core",FA,183,43,0.4,0.10,10.0,10.0,1.0,0.5,1
14-031,"Apricots, dried",FA,802,188,0.7,N,43.4,43.4,,4.8,56
14-032,"Apricots, dried, stewed with sugar",FA,393,92,0.3,Tr,22.0,22.0,,1.9,21
14-033,"Apricots, dried, stewed without sugar",FA,328,77,0.3,Tr,17.8,17.8,,2.0,22
14-025,"Apricots, raw, flesh and skin",FA,134,31,0.1,Tr,7.2,7.2,N,0.9,2
14-026,"Apricots, raw, flesh and skin, weighed with stones",FA,123,29,0.1,Tr,6.6,6.6,,0.8,2
14-392,"Apricots, ready-to-eat, semi-dried",FA,686,161,0.5,0.13,39.4,39.4,5.3,2.2,9
14-027,"Apricots, stewed with sugar",FA,308,72,0.1,Tr,18.3,18.3,,0.7,1
14-028,"Apricots, stewed with sugar, weighed with stones",FA,288,67,0.1,Tr,17.1,17.1,,0.6,1
14-029,"Apricots, stewed without sugar",FA,115,27,0.1,Tr,6.2,6.2,,0.7,1
14-030,"Apricots, stewed without sugar, weighed with stones",FA,108,25,0.1,Tr,5.8,5.8,,0.7,1
13-152,"Arrowhead, boiled in unsalted water",DG,385,91,0.3,N,17.8,N,,4.2,18
13-151,"Arrowhead, raw",DG,448,107,0.3,N,21.5,N,,5.0,22
11-001,Arrowroot,AA,1515,355,0.1,,94.0,Tr,,0.4,5
13-155,"Artichoke, globe, base of leaves and heart, boiled in unsalted water",DG,78,18,0.2,0.10,2.7,1.3,,2.9,15
13-154,"Artichoke, globe, boiled, weighed as served",DG,34,8,0.1,Tr,1.2,0.6,,1.2,6
13-153,"Artichoke, globe, raw",DG,77,18,0.2,0.10,2.7,1.3,,2.8,27
13-156,"Artichoke, Jerusalem, boiled in unsalted water, flesh only",DG,207,41,0.1,Tr,10.6,1.6,,1.6,3
13-803,Asafoetida,H,N,N,1.1,N,N,N,,4.0,N
13-639,"Asparagus, grilled",DG,106.3,25.1,0.4,0.06,2,2,1.6,3.5,3
13-157,"Asparagus, raw",DG,103,25,0.6,0.10,2.0,1.9,N,2.9,1
13-640,"Asparagus, roasted in rapeseed oil",DG,147,35,1.5,0.12,2,2,1.6,3.5,4
13-638,"Asparagus, steamed",DG,90,21,0.4,0.05,1.6,1.6,1.3,2.9,3
13-651,"Aubergine, flesh and skin, boiled in unsalted water",DG,59,14,0.5,0.13,1.8,1.6,1.8,0.7,1
13-669,"Aubergine, flesh and skin, roasted in rapeseed oil",DG,260,62,3.8,0.35,5.2,4.6,5.1,2.1,2
13-412,"Aubergine, fried in butter",DG,1262,302,31.9,21.10,2.8,2.6,,1.2,2
13-162,"Aubergine, fried in corn oil",DG,1246,302,31.9,4.10,2.8,2.6,N,1.2,2
13-577,"Aubergine, fried in rapeseed oil",DG,1262,302,31.9,2.18,2.8,2.6,N,1.2,2
13-161,"Aubergine, raw",DG,64,15,0.4,0.10,2.2,2.0,N,0.9,2
15-001,"Aubergine, stuffed with lentils and vegetables",DR,267,64,4.6,0.50,3.9,1.7,,2.0,79
15-662,"Aubergine, stuffed with rice",DR,364,86,2.1,0.22,15.9,6.0,N,1.9,7
15-663,"Aubergine, stuffed with vegetables, cheese topping",DR,496,119,9.7,3.48,3.6,3.2,N,5.0,109
14-039,"Avocado, Fuerte, flesh only",FA,780,189,19.3,3.50,1.9,0.5,,2.1,9
14-040,"Avocado, Fuerte, flesh only, weighed with skin and stone",FA,553,134,13.7,2.50,1.3,0.4,,1.5,6
14-386,"Avocado, Hass, flesh only",FA,703,171,17.4,4.15,1.7999999999999998,0.4,3.1,1.8,7
14-387,"Avocado, Hass, flesh only, weighed with skin and stone",FA,486,118,12,2.86,1.3,0.3,2.1,1.3,5
16-001,"Ayr, raw",JA,318,75,1.3,N,0.0,0.0,,15.9,N
14-043,"Babaco, flesh only",FA,72,17,0.1,Tr,3.1,3.1,,1.1,2
16-169,"Bacha, raw",JC,515,123,5.6,N,0.0,0.0,,18.1,N
19-644,"Bacon loin steaks, lean, grilled",MAA,668,158,4.3,1.55,1.1,1.1,,28.9,990
19-645,"Bacon rashers, back, dry-cured, grilled",MAA,1071,257,15.9,6.00,0.0,0.0,0.0,28.4,1730
19-498,"Bacon rashers, back, dry-fried",MAA,1225,295,22.0,8.30,0.0,0.0,0.0,24.2,1410
19-499,"Bacon rashers, back, fat trimmed, grilled",MAA,892,214,12.3,4.60,0.0,0.0,0.0,25.7,1430
19-646,"Bacon rashers, back, fat trimmed, raw",MAA,568,136,6.7,2.50,0.0,0.0,0.0,18.8,1000
19-500,"Bacon rashers, back, grilled",MAA,1194,287,21.6,8.10,0.0,0.0,0.0,23.2,1390
19-501,"Bacon rashers, back, grilled crispy",MAA,1308,313,18.8,7.10,0.0,0.0,0.0,36.0,2000
19-502,"Bacon rashers, back, microwaved",MAA,1274,307,23.3,8.80,0.0,0.0,0.0,24.2,1730
19-497,"Bacon rashers, back, raw",MAA,891,215,16.5,6.20,0.0,0.0,0.0,16.5,1140
19-009,"Bacon rashers, back, reduced salt, grilled",MAA,1172,282,20.6,7.80,0.0,0.0,0.0,24.1,1130
19-659,"Bacon rashers, back, smoked, grilled",MAA,1216,293,22.1,8.30,0.0,0.0,0.0,23.4,1390
19-647,"Bacon rashers, back, sweetcure, grilled",MAA,1074,258,17.4,6.60,1.6,1.6,0.0,23.8,1390
19-660,"Bacon rashers, back, 'tendersweet', grilled",MAA,889,213,11.9,4.50,Tr,Tr,0.0,26.4,1390
19-648,"Bacon rashers, middle, fried in corn oil",MAA,1452,350,28.5,9.80,0.0,0.0,0.0,23.4,1390
19-503,"Bacon rashers, middle, grilled",MAA,1276,307,23.1,8.40,0.0,0.0,0.0,24.8,1390
19-649,"Bacon rashers, middle, raw",MAA,998,241,20.0,7.30,0.0,0.0,0.0,15.2,1050
19-504,"Bacon rashers, streaky, fried in corn oil",MAA,1389,335,26.6,9.10,0.0,0.0,0.0,23.8,1680
19-018,"Bacon rashers, streaky, grilled",MAA,1400,337,26.9,9.80,0.0,0.0,0.0,23.8,1680
19-016,"Bacon rashers, streaky, raw",MAA,1142,276,23.6,8.20,0.0,0.0,,15.8,1260
19-537,"Bacon, fat only, average, cooked",MAA,2852,692,72.8,28.50,0.0,0.0,0.0,9.3,740
19-650,"Bacon, fat only, average, raw",MAA,3075,747,80.9,31.50,0.0,0.0,0.0,4.8,420
11-970,"Bagels, plain",AP,1161,273,1.8,N,57.8,4.8,3.0,10.0,400
13-578,"Baked beans, canned in barbecue sauce",DB,329,77,0.4,N,14.0,4.8,4.9,5.3,260
13-532,"Baked beans, canned in tomato sauce",DB,343,81,0.5,0.09,15.0,4.8,4.9,5.0,261
13-535,"Baked beans, canned in tomato sauce, reduced sugar, reduced salt",DB,320,75,0.5,0.09,13.5,3.3,4.9,5,190
13-579,"Baked beans, canned in tomato sauce, with pork sausages",DB,411,98,4.5,N,11.0,4.0,3.3,6.0,260
12-500,"Baking fat and margarine (75-90% fat), hard block",BTM,2827,688,76.4,26.41,0.0,0.0,0.0,Tr,600
17-355,Baking powder,WY,693,163,0.0,0.00,37.8,0.0,0.0,5.2,11800
11-1029,"Banana bread, homemade",AN,1396,331,12.4,3.27,53.9,36.3,N,4.4,171
12-556,"Banana split, homemade",BP,858,205,11.8,6.91,23.9,18.4,0.6,2.3,38
14-318,"Bananas, flesh only",FA,348,81,0.1,0.04,20.3,18.1,1.4,1.2,Tr
14-347,"Bananas, raw, flesh only, weighed with skin",FA,217,51,Tr,0.03,12.8,11.4,0.9,0.8,Tr
11-1030,"Bannocks, made with beremeal, homemade",AF,1131,266,1.7,0.23,56.8,3.1,1.0,9.3,111
11-951,"Bannocks, made with wheat flour, homemade",AF,1246,292,1.3,0.46,65.5,2.4,3.1,8.5,152
17-705,Barbecue sauce,WCN,598,140,0.1,0.00,36.1,29.9,1.2,1.0,630
17-769,"Barbecue sauce, homemade",WC,1251,300,21.0,12.45,26.1,21.5,1.7,2.7,392
14-804,"Barcelona nuts, Kernel only",GA,2637,639,64.0,N,5.2,3.4,,10.9,3
14-805,"Barcelona nuts, kernel only, weighed with shells",GA,1636,397,39.7,N,3.2,2.1,,6.8,2
17-844,"Barley water, diluted",PCC,77,18,Tr,Tr,4.7,4.3,Tr,0.1,3
17-743,"Barley water, undiluted",PCC,384,90,Tr,Tr,23.7,21.5,Tr,0.3,15
11-003,"Barley, pearl, boiled",AA,510,120,0.6,,27.6,Tr,,2.7,1
11-002,"Barley, pearl, raw",AA,1535,360,1.7,,83.6,Tr,,7.9,3
13-805,"Basil, dried, ground",H,1051,251,4.0,N,43.2,N,,14.4,34
13-804,"Basil, fresh",H,169,40,0.8,N,5.1,N,N,3.1,9
16-386,"Bass, sea, flesh only, baked",JA,646,154,6.8,1.47,0.0,0.0,0.0,23.2,80
16-463,"Bass, sea, flesh only, baked, weighed with bones and skin",JA,76,137,6.1,1.31,0.0,0.0,0.0,20.6,71
16-385,"Bass, sea, flesh only, raw",JA,703,168,9.8,2.16,0.0,0.0,0.0,20.0,72
16-464,"Bass, sea, flesh only, raw, weighed with bones and skin",JA,603,144,8.4,1.86,0.0,0.0,0.0,17.2,62
13-806,"Bay leaf, dried",H,1312,313,8.4,2.30,48.6,N,,7.6,23
15-664,"Bean loaf, mixed beans, homemade",DR,621,148,7.2,0.59,15.1,3.6,N,6.6,5
15-665,"Beanburger, aduki, fried in rapeseed oil, homemade",DR,793,190,7.3,N,24.1,2.3,N,8.1,208
15-666,"Beanburger, butter bean, fried in rapeseed oil, homemade",DR,812,194,10.6,0.85,20.2,3.0,N,5.7,71
15-667,"Beanburger, red kidney bean, fried in rapeseed oil",DR,846,202,10.7,0.85,21.7,2.6,N,6.2,71
15-668,"Beanburger, soya, fried in rapeseed oil",DR,806,193,10.7,1.18,14.5,3.7,N,10.5,201
13-042,"Beans, aduki, whole, dried, boiled in unsalted water",DB,525,123,0.2,N,22.5,0.5,,9.3,2
13-041,"Beans, aduki, whole, dried, raw",DB,1158,272,0.5,N,50.1,1.0,,19.9,5
13-049,"Beans, balor, ends trimmed, raw",DB,98,23,0.1,Tr,3.0,2.4,,2.7,1
13-063,"Beans, blackeye, whole, dried, boiled in unsalted water",DB,494,116,0.7,0.20,19.9,1.1,N,8.8,5
13-062,"Beans, blackeye, whole, dried, raw",DB,1324,311,1.6,0.50,54.1,2.9,,23.5,16
13-067,"Beans, broad, dried, raw",DB,1041,245,2.1,0.30,32.5,5.9,,26.1,11
13-648,"Beans, broad, whole, boiled in unsalted water",DB,387,91,1,0.13,12.3,1.1,9,9,2
13-064,"Beans, broad, whole, raw",DB,247,59,1.0,0.10,7.2,1.3,,5.7,1
13-559,"Beans, butter, canned, re-heated, drained",DB,327,77,0.5,0.10,13.0,1.1,N,5.9,Tr
13-663,"Beans, butter, dried, boiled in unsalted water",DB,447,105,1.1,0.18,16.8,1.4,11.2,8.1,Tr
13-070,"Beans, butter, dried, raw",DB,1234,290,1.7,0.40,52.9,3.6,,19.1,40
13-666,"Beans, cannellini, canned, re-heated, drained",DB,443,104,1.6,0.27,15.9,0.7,6.8,7.6,7
13-670,"Beans, chick peas, canned, re-heated, drained",DB,547,129,3,0.29,18.3,0.7,7.1,8.4,1
13-077,"Beans, chick peas, Kabuli, split, dried, boiled in unsalted water",DB,484,114,2.0,0.20,17.4,1.0,,7.7,5
13-076,"Beans, chick peas, Kabuli, split, dried, raw",DB,1379,325,5.4,0.50,49.6,2.6,,22.7,39
13-662,"Beans, chick peas, Kabuli, whole, dried, boiled in unsalted water",DB,547,129,3,0.29,18.3,0.7,10.6,8.4,1
13-074,"Beans, chick peas, Kabuli, whole, dried, raw",DB,1355,320,5.4,0.50,49.6,2.6,,21.3,39
13-080,"Beans, cluster, raw",DB,96,23,0.1,Tr,3.0,2.9,,2.6,1
13-667,"Beans, edamame, frozen, boiled in unsalted water",DB,593,142,7.6,0.85,6.5,2.6,5.9,12.2,5
13-515,"Beans, green, boiled in unsalted water",DB,108,26,0.3,0.06,4.0,3.0,4.1,2.1,Tr
13-514,"Beans, green, raw",DB,102,24,0.4,0.08,3.1,2.2,3.4,2.1,Tr
13-665,"Beans, haricot, canned, re-heated, drained",DB,407,96,1,0.2,15.6,0.6,6.8,7.1,6
13-087,"Beans, haricot, whole, dried, boiled in unsalted water",DB,406,95,0.5,0.10,17.2,0.8,,6.6,15
13-086,"Beans, haricot, whole, dried, raw",DB,1218,286,1.6,0.30,49.7,2.8,,21.4,43
13-099,"Beans, mung, dahl, dried, boiled in unsalted water",DB,392,92,0.4,0.10,15.3,0.5,,7.8,2
13-098,"Beans, mung, dahl, dried, raw",DB,1237,291,1.1,0.30,46.3,1.5,,26.8,12
13-664,"Beans, mung, whole, dried, boiled in unsalted water",DB,426,100,0.7,0.18,15.8,0.4,6.1,8.6,Tr
13-096,"Beans, mung, whole, dried, raw",DB,1188,279,1.1,0.30,46.3,1.5,,23.9,12
13-100,"Beans, papri, raw",DB,170,40,0.3,N,4.2,1.8,,5.4,1
13-105,"Beans, pigeon peas, dahl, dried, boiled in unsalted water",DB,497,118,0.5,0.10,21.2,0.6,,8.7,14
13-104,"Beans, pigeon peas, dahl, dried, raw",DB,1379,324,1.9,0.40,58.6,1.7,,21.8,38
13-103,"Beans, pigeon peas, whole, dried, boiled in unsalted water",DB,502,117,0.5,0.10,21.2,0.6,,8.5,14
13-102,"Beans, pigeon peas, whole, dried, raw",DB,1348,317,1.9,0.40,58.6,1.7,,20.0,38
13-107,"Beans, pinto, dried, boiled in unsalted water",DB,583,137,0.7,0.10,23.9,N,,8.9,1
13-106,"Beans, pinto, dried, raw",DB,1389,327,1.6,0.20,57.1,N,,21.1,10
13-108,"Beans, pinto, re-fried beans",DB,446,107,1.1,N,15.3,N,,6.2,420
13-660,"Beans, red kidney, canned in water, re-heated, drained",DB,425,100,1,0.2,15.1,0.8,6.8,8.6,Tr
13-659,"Beans, red kidney, dried, boiled in unsalted water",DB,425,100,1,0.2,15.1,0.8,11.1,8.6,Tr
13-109,"Beans, red kidney, dried, raw",DB,1133,266,1.4,0.20,44.1,2.5,N,22.1,18
13-654,"Beans, runner, boiled in unsalted water",DB,68,16,0.5,0.1,1.9,1.6,2.2,1.1,Tr
13-112,"Beans, runner, raw",DB,93,22,0.4,0.10,3.2,2.8,N,1.6,Tr
13-116,"Beans, soya, dried, boiled in unsalted water",DB,590,141,7.3,0.90,5.1,2.1,N,14.0,1
13-115,"Beans, soya, dried, raw",DB,1551,370,18.6,2.30,15.8,5.5,N,35.9,5
13-117,"Beans, sword, raw",DB,176,41,0.3,N,7.2,N,,2.5,29
13-580,"Beansprouts, mung, boiled in unsalted water",DB,104,25,0.5,0.10,2.8,1.4,,2.5,4
13-426,"Beansprouts, mung, raw",DB,131,31,0.5,0.10,4.0,2.2,N,2.9,5
13-567,"Beansprouts, mung, stir-fried in rapeseed oil",DB,298,72,6.1,0.47,2.5,1.4,N,1.9,3
19-471,"Beef bourguignon, homemade",MR,587,140,6.2,2.09,2.5,0.9,0.4,13.8,238
19-548,"Beef bourguignonne, made with lean beef, homemade",MR,442,105,4.2,1.25,2.5,0.8,0.5,14.1,233
17-514,Beef extract,WY,760,179,0.6,N,3.2,0.4,0.0,40.4,4370
19-588,"Beef olives, homemade",MR,662,159,11.0,4.07,1.6,0.3,0.2,13.9,437
19-589,"Beef steak pudding, homemade",MR,864,207,10.2,5.41,18.7,0.8,1.1,11.5,82
19-551,"Beef Stroganoff, homemade",MR,713,171,11.2,6.22,2.5,2.1,0.6,15.3,54
19-552,"Beef Wellington, homemade",MR,1480,356,25.5,10.19,16.2,0.7,1.4,16.3,297
18-009,"Beef, braising steak, braised, lean and fat",MAC,1029,246,12.7,5.30,0.0,0.0,0.0,32.9,60
18-008,"Beef, braising steak, braised, lean only",MAC,944,225,9.7,4.10,0.0,0.0,0.0,34.4,62
18-006,"Beef, braising steak, raw, lean",MAC,582,139,5.7,2.40,0.0,0.0,,21.8,64
18-007,"Beef, braising steak, raw, lean and fat",MAC,670,160,8.6,3.80,0.0,0.0,,20.7,60
18-010,"Beef, braising steak, slow cooked, lean",MAC,826,197,7.9,3.40,0.0,0.0,,31.4,53
18-011,"Beef, braising steak, slow cooked, lean and fat",MAC,907,217,11.2,4.80,0.0,0.0,,29.0,50
18-014,"Beef, brisket, boiled, lean",MAC,941,225,11.0,4.60,0.0,0.0,,31.4,50
18-015,"Beef, brisket, boiled, lean and fat",MAC,1116,268,17.4,7.20,0.0,0.0,,27.8,46
18-012,"Beef, brisket, raw, lean",MAC,584,139,6.1,2.50,0.0,0.0,,21.1,59
18-013,"Beef, brisket, raw, lean and fat",MAC,905,218,16.0,6.70,0.0,0.0,,18.4,50
18-005,"Beef, fat, average, cooked",MAC,2199,533,52.3,24.30,0.0,0.0,0.0,15.5,35
18-003,"Beef, fat, average, raw",MAC,2305,558,53.6,24.90,0.0,0.0,0.0,18.9,26
18-004,"Beef, fat, average, raw, extra trimmed",MAC,2786,677,72.2,33.40,0.0,0.0,,6.8,N
18-018,"Beef, fillet steak, fried in corn oil, lean",MAC,772,184,7.9,3.40,0.0,0.0,,28.2,68
18-019,"Beef, fillet steak, fried in corn oil, lean and fat",MAC,805,192,8.9,3.90,0.0,0.0,,28.0,67
18-022,"Beef, fillet steak, from steakhouse, lean",MAC,747,178,7.0,3.20,0.0,0.0,,28.7,61
18-023,"Beef, fillet steak, from steakhouse, lean and fat",MAC,773,184,7.8,3.60,0.0,0.0,,28.5,61
18-020,"Beef, fillet steak, grilled, lean",MAC,791,188,8.0,3.60,0.0,0.0,,29.1,70
18-021,"Beef, fillet steak, grilled, lean and fat",MAC,839,200,9.5,4.40,0.0,0.0,,28.7,67
18-016,"Beef, fillet steak, raw, lean",MAC,586,140,6.1,2.80,0.0,0.0,,21.2,44
18-017,"Beef, fillet steak, raw, lean and fat",MAC,648,155,7.9,3.80,0.0,0.0,,20.9,43
18-026,"Beef, flank, pot-roasted, lean",MAC,1059,253,14.0,5.70,0.0,0.0,,31.8,51
18-027,"Beef, flank, pot-roasted, lean and fat",MAC,1286,309,22.3,9.10,0.0,0.0,,27.1,45
18-024,"Beef, flank, raw, lean",MAC,730,175,9.3,3.80,0.0,0.0,,22.7,64
18-025,"Beef, flank, raw, lean and fat",MAC,1105,266,20.8,8.70,0.0,0.0,,19.7,54
18-030,"Beef, fore-rib/rib-roast, microwaved, lean",MAC,1017,243,11.4,5.00,0.0,0.0,,35.0,60
18-031,"Beef, fore-rib/rib-roast, microwaved, lean and fat",MAC,1275,306,20.5,9.20,0.0,0.0,,30.4,54
18-032,"Beef, fore-rib/rib-roast, microwaved, lean and fat, weighed with bone",MAC,1057,254,17.0,7.70,0.0,0.0,,25.2,45
18-028,"Beef, fore-rib/rib-roast, raw, lean",MAC,606,145,6.5,2.90,0.0,0.0,,21.5,61
18-029,"Beef, fore-rib/rib-roast, raw, lean and fat",MAC,1052,253,19.8,8.90,0.0,0.0,,18.8,52
18-033,"Beef, fore-rib/rib-roast, roasted, lean",MAC,988,236,11.4,5.10,0.0,0.0,,33.3,57
18-034,"Beef, fore-rib/rib-roast, roasted, lean and fat",MAC,1250,300,20.4,9.20,0.0,0.0,,29.1,54
18-035,"Beef, fore-rib/rib-roast, roasted, lean and fat, weighed with bone",MAC,1048,252,17.1,7.70,0.0,0.0,,24.4,43
18-468,"Beef, lean, average, raw",MAC,542,129,4.3,1.74,0.0,0.0,0.0,22.5,63
18-002,"Beef, lean, average, raw, extra trimmed",MAC,556,132,5.1,2.00,0.0,0.0,,21.6,N
18-042,"Beef, mince patties, barbecued",MAC,1103,264,16.2,7.10,0.0,0.0,,29.6,98
18-507,"Beef, mince, extra lean, stewed",MAC,575,137,4.2,1.83,0.0,0.0,0.0,24.7,75
18-039,"Beef, mince, frozen, stewed",MAC,850,204,14.1,6.20,0.0,0.0,,19.3,62
18-037,"Beef, mince, microwaved",MAC,1096,263,17.5,7.60,0.0,0.0,0.0,26.4,91
18-469,"Beef, mince, raw",MAC,934,225,16.2,6.94,0.0,0.0,0.0,19.7,80
18-508,"Beef, mince, raw, extra lean",MAC,546,130,4.2,2.08,0.0,0.0,,21.9,90
19-607,"Beef, mince, stewed",MR,579,139,9.9,3.79,2.5,0.6,0.3,10.9,283
18-470,"Beef, mince, stewed",MAC,870,209,13.5,5.72,0.0,0.0,0.0,21.8,73
19-606,"Beef, mince, with vegetables, stewed",MR,508,122,7.2,3.04,5.7,2.3,1.2,9.2,254
19-664,"Beef, minced, stewed with onions, extra lean",MR,471,113,3.6,1.24,2.5,0.6,0.3,12.1,288
18-045,"Beef, rump steak, barbecued, lean",MAC,741,176,5.7,2.40,0.0,0.0,0.0,31.2,78
18-046,"Beef, rump steak, barbecued, lean and fat",MAC,849,203,9.4,4.00,0.0,0.0,,29.5,74
18-472,"Beef, rump steak, fried in corn oil, lean and fat",MAC,953,228,12.7,4.90,0.0,0.0,0.0,28.4,71
18-473,"Beef, rump steak, fried in corn oil, lean only",MAC,770,183,6.6,2.41,0.0,0.0,0.0,30.9,78
18-051,"Beef, rump steak, from steakhouse, lean and fat",MAC,889,213,11.4,4.90,0.0,0.0,,27.5,66
18-050,"Beef, rump steak, from steakhouse, lean only",MAC,681,162,4.7,2.00,0.0,0.0,0.0,29.8,72
18-474,"Beef, rump steak, grilled, lean only",MAC,745,177,5.9,2.50,0.0,0.0,0.0,31.0,74
18-043,"Beef, rump steak, raw, lean",MAC,526,125,4.1,1.70,0.0,0.0,,22.0,60
18-471,"Beef, rump steak, raw, lean and fat",MAC,726,174,10.1,4.30,0.0,0.0,0.0,20.7,56
18-052,"Beef, rump steak, strips, stir-fried in corn oil, lean",MAC,875,208,8.8,3.30,0.0,0.0,0.0,32.3,78
18-053,"Beef, rump steak, strips, stir-fried in corn oil, lean and fat",MAC,1038,248,14.4,5.60,0.0,0.0,,29.7,71
18-056,"Beef, silverside, pot-roasted, lean",MAC,811,193,6.3,2.50,0.0,0.0,,34.0,58
18-057,"Beef, silverside, pot-roasted, lean and fat",MAC,1034,247,13.7,5.60,0.0,0.0,,31.0,54
18-054,"Beef, silverside, raw, lean",MAC,564,134,4.3,1.60,0.0,0.0,,23.8,62
18-055,"Beef, silverside, raw, lean and fat",MAC,894,215,14.8,5.90,0.0,0.0,,20.4,53
18-060,"Beef, silverside, salted, boiled, lean",MAC,772,184,6.9,2.50,0.0,0.0,0.0,30.4,1020
18-061,"Beef, silverside, salted, boiled, lean and fat",MAC,937,224,12.5,4.70,0.0,0.0,,27.9,940
18-058,"Beef, silverside, salted, raw, lean",MAC,585,140,7.0,2.50,0.0,0.0,,19.2,640
18-059,"Beef, silverside, salted, raw, lean and fat",MAC,943,227,18.0,6.80,0.0,0.0,,16.3,550
18-062,"Beef, sirloin joint, roasted, lean",MAC,791,188,6.5,2.90,0.0,0.0,,32.4,55
18-063,"Beef, sirloin joint, roasted, lean and fat",MAC,973,233,12.6,5.60,0.0,0.0,,29.8,53
18-066,"Beef, sirloin steak, fried in corn oil, lean",MAC,793,189,8.2,3.40,0.0,0.0,,28.8,69
18-067,"Beef, sirloin steak, fried in corn oil, lean and fat",MAC,974,233,14.0,6.00,0.0,0.0,,26.8,64
18-074,"Beef, sirloin steak, from steakhouse, lean",MAC,724,172,5.1,2.20,0.0,0.0,,31.5,76
18-075,"Beef, sirloin steak, from steakhouse, lean and fat",MAC,899,215,10.7,4.60,0.0,0.0,,29.6,71
18-070,"Beef, sirloin steak, grilled medium-rare, lean",MAC,737,176,7.7,3.40,0.0,0.0,,26.6,65
18-071,"Beef, sirloin steak, grilled medium-rare, lean and fat",MAC,888,213,12.6,5.60,0.0,0.0,,24.8,60
18-068,"Beef, sirloin steak, grilled rare, lean",MAC,697,166,6.7,3.00,0.0,0.0,,26.4,63
18-069,"Beef, sirloin steak, grilled rare, lean and fat",MAC,900,216,12.8,5.80,0.0,0.0,,25.1,60
18-072,"Beef, sirloin steak, grilled well-done, lean",MAC,943,225,9.9,4.40,0.0,0.0,,33.9,81
18-073,"Beef, sirloin steak, grilled well-done, lean and fat",MAC,1073,257,14.4,6.50,0.0,0.0,,31.8,76
18-064,"Beef, sirloin steak, raw, lean",MAC,566,135,4.5,2.00,0.0,0.0,,23.5,70
18-065,"Beef, sirloin steak, raw, lean and fat",MAC,837,201,12.7,5.60,0.0,0.0,,21.6,62
18-082,"Beef, stewing steak, frozen, stewed, lean",MAC,819,195,8.5,3.10,0.0,0.0,,29.7,47
18-083,"Beef, stewing steak, frozen, stewed, lean and fat",MAC,887,212,11.6,4.30,0.0,0.0,,26.9,44
18-078,"Beef, stewing steak, pressure cooked, lean",MAC,837,199,6.5,2.40,0.0,0.0,,35.1,60
18-079,"Beef, stewing steak, pressure cooked, lean and fat",MAC,911,217,9.0,3.40,0.0,0.0,,34.0,60
18-076,"Beef, stewing steak, raw, lean",MAC,514,122,3.5,1.40,0.0,0.0,0.0,22.6,69
18-077,"Beef, stewing steak, raw, lean and fat",MAC,613,146,6.4,2.60,0.0,0.0,0.0,22.1,66
18-080,"Beef, stewing steak, stewed, lean",MAC,777,185,6.3,2.30,0.0,0.0,0.0,32.0,54
18-081,"Beef, stewing steak, stewed, lean and fat",MAC,852,203,9.6,3.70,0.0,0.0,0.0,29.2,51
19-530,"Beef, stir-fried with green peppers, homemade",MR,607,145,8.0,2.67,6.1,3.8,N,11.8,212
18-086,"Beef, topside, microwaved, lean",MAC,765,181,4.6,1.90,0.0,0.0,,35.0,60
18-087,"Beef, topside, microwaved, lean and fat",MAC,956,228,11.1,4.70,0.0,0.0,,32.1,55
18-084,"Beef, topside, raw, lean",MAC,491,116,2.7,1.10,0.0,0.0,,23.0,77
18-085,"Beef, topside, raw, lean and fat",MAC,824,198,12.9,5.40,0.0,0.0,,20.4,67
18-088,"Beef, topside, roasted medium-rare, lean",MAC,736,175,5.1,2.10,0.0,0.0,0.0,32.2,66
18-089,"Beef, topside, roasted medium-rare, lean and fat",MAC,930,222,11.4,4.80,0.0,0.0,0.0,29.9,62
18-090,"Beef, topside, roasted well-done, lean",MAC,849,202,6.3,2.60,0.0,0.0,,36.2,62
18-091,"Beef, topside, roasted well-done, lean and fat",MAC,1020,244,12.5,5.20,0.0,0.0,,32.8,57
17-506,"Beer, bitter, average (<4% ABV)",QA,124,30,Tr,Tr,2.2,2.2,Tr,0.3,6
17-208,"Beer, bitter, best, premium",QA,139,33,Tr,Tr,2.2,2.2,Tr,0.3,8
17-748,"Beer, bitter, strong (>5% ABV)",QA,175,42,Tr,Tr,2.2,2.2,Tr,0.3,8
13-633,"Beetroot, cooked in unsalted water",DG,224,53,0.3,0.05,11.6,10.9,2.6,1.6,52
13-166,"Beetroot, pickled, drained",DG,117,28,0.2,Tr,5.6,5.6,N,1.2,120
13-164,"Beetroot, raw",DG,154,36,0.1,Tr,7.6,7.0,,1.7,66
16-003,"Bele, raw",JA,284,67,0.7,N,0.0,0.0,,15.3,N
13-807,"Betel leaves, fresh",H,255,61,0.1,N,8.6,N,,6.4,7
14-806,Betel nuts,GA,1430,339,10.2,N,56.7,N,,5.2,76
15-669,"Bhaji, aubergine and potato, homemade",DR,562,135,8.8,0.61,13.4,3.2,N,1.8,6
15-670,"Bhaji, aubergine, pea, potato and cauliflower, homemade",DR,303,72,2.5,0.24,10.7,4.3,N,2.9,10
15-672,"Bhaji, cabbage and pea, with butter ghee, homemade",DR,736,177,14.2,8.31,9.7,7.1,4.8,3.4,251
15-673,"Bhaji, cabbage and pea, with rapeseed oil, homemade",DR,748,180,14.5,1.01,9.7,7.1,4.8,3.4,11
15-674,"Bhaji, cabbage and potato, with butter, homemade",DR,410,98,5.6,3.48,9.7,4.9,4.1,2.7,55
15-397,"Bhaji, cabbage and potato, with rapeseed oil, homemade",DR,442,106,7.0,0.86,9.1,4.7,,2.2,7
15-675,"Bhaji, cabbage and potato, with vegetable oil",DR,452,108,6.8,0.48,9.6,4.9,4.1,2.7,7
15-016,"Bhaji, cabbage and spinach",DR,817,198,17.1,1.80,7.8,3.8,,3.6,480
15-671,"Bhaji, cabbage, homemade",DR,322,77,4.5,0.32,6.8,5.9,4.4,2.8,8
15-676,"Bhaji, carrot, potato and pea, with butter, homemade",DR,488,116,6.6,4.01,12.9,6.8,4.1,2.2,72
15-677,"Bhaji, carrot, potato and pea, with vegetable oil, homemade",DR,535,128,7.9,0.59,12.9,6.7,4.1,2.1,17
15-679,"Bhaji, cauliflower and potato, homemade",DR,443,106,6.8,0.52,10.1,2.8,2.3,3.3,17
15-680,"Bhaji, cauliflower and vegetable, homemade",DR,488,117,9.1,5.28,6.6,4.0,N,3.1,89
15-678,"Bhaji, cauliflower, homemade",DR,874,211,20.1,9.21,5.5,3.8,2.2,2.9,19
15-021,"Bhaji, cauliflower, potato and pea, with butter",DR,603,145,11.3,7.10,8.2,2.5,,3.5,400
15-022,"Bhaji, cauliflower, potato and pea, with vegetable oil",DR,688,166,13.7,1.50,8.2,2.5,,3.4,300
15-024,"Bhaji, green bean",DR,379,91,7.6,0.70,5.0,4.1,,2.2,460
15-025,"Bhaji, karela, with butter ghee, homemade",DR,426,103,10.6,6.60,1.2,Tr,,1.8,N
15-026,"Bhaji, karela, with vegetable oil, homemade",DR,426,103,10.6,1.10,1.2,Tr,,1.8,N
15-681,"Bhaji, mushroom, homemade",DR,693,168,16.6,1.11,4.1,3.2,1.5,1.2,9
15-683,"Bhaji, mustard leaves and spinach, homemade",DR,348,84,6.5,3.75,3.8,1.6,N,3.1,135
15-682,"Bhaji, mustard leaves, homemade",DR,355,85,6.3,2.97,4.6,1.3,N,3.0,90
15-684,"Bhaji, okra, Bangladeshi, with butter ghee, homemade",DR,400,97,6.2,3.50,7.7,5.6,N,2.4,7
15-685,"Bhaji, okra, Bangladeshi, with vegetable oil, homemade",DR,400,97,6.4,0.55,7.7,5.6,N,2.4,7
15-686,"Bhaji, okra, Islami, homemade",DR,833,201,17.1,1.36,8.9,7.0,N,4.6,75
15-687,"Bhaji, pea, homemade",DR,1496,363,34.6,21.58,9.3,3.2,3.8,5.0,306
15-688,"Bhaji, potato and fenugreek leaves, homemade",DR,925,222,15.9,N,18.8,N,N,3.7,47
15-689,"Bhaji, potato and green pepper, homemade",DR,561,134,9.0,0.63,12.7,2.6,N,1.5,3
15-690,"Bhaji, potato and onion, homemade",DR,674,162,10.1,6.32,16.7,3.4,2.6,2.1,92
15-691,"Bhaji, potato, onion and mushroom, homemade",DR,871,211,17.3,1.17,12.1,3.5,2.2,1.7,9
15-040,"Bhaji, potato, spinach and cauliflower, homemade",DR,699,169,15.1,9.60,7.1,1.6,,2.2,37
15-692,"Bhaji, potato, with butter ghee, homemade",DR,669,161,9.8,5.70,16.6,1.5,2.1,2.2,4
15-693,"Bhaji, potato, with vegetable oil, homemade",DR,670,161,10.0,0.69,16.6,1.5,2.1,2.2,4
15-695,"Bhaji, spinach and potato, homemade",DR,796,192,14.1,0.98,13.4,1.6,N,3.6,102
15-694,"Bhaji, spinach, homemade",DR,342,83,6.9,3.82,2.5,2.1,N,3.3,213
15-697,"Bhaji, turnip and onion, homemade",DR,524,126,10.6,6.20,7.1,5.9,N,1.2,11
15-696,"Bhaji, turnip, homemade",DR,739,179,16.4,9.59,6.5,5.4,N,1.3,17
15-047,"Bhaji, vegetable, Punjabi, with butter",DR,449,108,7.2,4.30,8.2,5.5,,3.5,450
15-048,"Bhaji, vegetable, Punjabi, with vegetable oil",DR,501,120,8.6,1.00,8.2,5.5,,3.5,390
15-698,"Bhaji, vegetable, with butter, homemade",DR,766,185,15.3,9.49,10.3,4.7,N,1.9,145
15-699,"Bhaji, vegetable, with rapeseed oil, homemade",DR,879,213,18.5,1.64,10.1,4.6,N,1.8,16
17-356,Bicarbonate of soda,WY,0,0,0.0,0.00,0.0,0.0,,0.0,27380
19-454,"Biryani, chicken, takeaway",MR,684,163,7.4,2.01,16.6,0.9,1.2,8.5,263
11-821,"Biscuits, cheese flavoured",AM,2069,494,28.1,11.67,53.2,2.7,4.5,10.5,882
11-816,"Biscuits, cookies, chocolate chip, American style",AM,1845,440,21.3,9.58,60.6,40.5,2.5,5.2,422
11-815,"Biscuits, cookies, chocolate chip, standard",AM,1973,471,24.9,12.15,60.0,30.0,3.0,5.4,298
11-807,"Biscuits, digestive, half coated in chocolate",AM,2047,488,25.7,12.68,61.8,24.3,2.1,6.3,351
11-799,"Biscuits, digestive, plain",AM,1943,463,21.3,7.71,65.6,17.5,3.8,6.2,561
11-803,"Biscuits, digestive, with oats, plain",AM,2017,480,22.9,5.94,66.4,25.9,7.2,6.4,328
11-809,"Biscuits, fully coated with chocolate",AM,2120,506,27.2,15.06,62.8,39.3,1.7,6.4,229
11-810,"Biscuits, fully coated with chocolate, with cream",AM,2075,496,28.2,15.81,59.0,37.4,3.1,5.2,174
11-811,"Biscuits, fully coated with chocolate, with marshmallow",AM,1737,413,19.0,10.64,59.9,41.4,2.7,4.5,132
11-798,"Biscuits, ginger nuts",AM,1867,443,15.7,7.26,75.3,31.3,2.2,4.8,429
11-952,"Biscuits, gingernut, homemade",AM,1928,459,19.8,12.27,70.0,32.6,2.1,4.5,626
11-808,"Biscuits, iced",AM,1715,406,10.8,4.98,77.1,44.6,0.6,4.8,274
11-804,"Biscuits, jam filled",AM,1806,428,14.4,6.75,74.0,33.0,1.2,5.2,164
11-1035,"Biscuits, melting moments, homemade",AM,2354,564,37.1,23.31,57.8,N,N,3.4,335
11-1060,"Biscuits, oat based, chocolate, half coated",AM,2054,489,24.9,9.00,63.9,33.1,6.0,6.6,271
11-1032,"Biscuits, plain, homemade",AM,1979,471,22.1,13.39,66.0,26.4,2.0,6.2,201
11-801,"Biscuits, plain, reduced fat",AM,1823,432,13.5,4.31,75.7,21.2,4.4,6.6,471
11-813,"Biscuits, sandwich, cream",AM,2001,477,23.3,13.31,65.8,29.9,3.1,5.0,188
11-797,"Biscuits, semi-sweet",AM,1874,444,15.1,5.08,75.4,20.3,2.7,6.4,358
11-806,"Biscuits, short or sweet, half coated in chocolate",AM,2124,506,24.2,12.50,70.3,35.5,1.4,6.0,249
11-796,"Biscuits, short, sweet",AM,2016,479,20.9,10.05,71.7,23.8,2.2,5.6,403
11-1034,"Biscuits, wholemeal, homemade",AM,1561,369,7.5,3.89,66.6,4.2,9.2,12.7,69
13-059,"Black gram, chilki urad dahl, dried, split, boiled in unsalted water",DB,382,90,0.4,0.10,13.6,0.3,,8.0,13
13-058,"Black gram, chilki urad dahl, split, dried, raw",DB,1216,287,1.4,0.20,42.5,1.3,,26.0,40
13-061,"Black gram, duhli urad dahl, split, dried, boiled in unsalted water",DB,409,96,0.4,0.10,15.1,0.3,,8.1,13
13-060,"Black gram, duhli urad dahl, split, dried, raw",DB,1262,298,1.4,0.20,44.0,1.3,,27.2,40
13-057,"Black gram, urad gram, whole, dried, boiled in unsalted water",DB,379,89,0.4,0.10,13.6,0.3,,7.8,13
13-056,"Black gram, urad gram, whole, dried, raw",DB,1169,275,1.4,0.20,40.8,1.3,,24.9,40
19-114,"Black pudding, dry-fried",MI,1236,297,21.5,8.50,16.6,0.2,N,10.3,940
19-113,"Black pudding, raw",MI,1154,277,20.6,7.70,14.8,0.2,,9.1,830
14-388,"Blackberries, raw",FA,115,27,0.2,Tr,5.6,5.6,3.4,1.1,1
14-049,"Blackberries, stewed with sugar",FA,239,56,0.2,Tr,13.8,13.8,2.4,0.7,1
14-050,"Blackberries, stewed without sugar",FA,88,21,0.2,Tr,4.4,4.4,N,0.8,1
14-349,"Blackberry and apple, stewed with sugar",FA,268,63,0.2,0.03,15.8,15.8,N,0.4,2
14-364,"Blackberry and apple, stewed without sugar",F,118,28,0.2,0.03,6.4,6.4,N,0.5,2
17-845,"Blackcurrant juice drink/squash, diluted",PCC,115,27,0.0,0.00,7.2,7.2,0.0,0.0,2
17-737,"Blackcurrant juice drink/squash, undiluted",PCC,869,204,0.0,0.00,54.2,54.2,0.0,0.1,16
14-053,"Blackcurrants, raw",FA,121,28,Tr,Tr,6.6,6.6,N,0.9,3
14-054,"Blackcurrants, stewed with sugar",FA,252,58,Tr,Tr,15.0,15.0,2.8,0.7,2
14-055,"Blackcurrants, stewed without sugar",FA,103,24,Tr,Tr,5.6,5.6,N,0.8,2
12-557,"Blancmange, homemade",BR,405,96,1.6,1.02,18.1,11.7,N,3.3,41
16-170,"Bloater, flesh only, grilled",JC,1043,251,17.4,4.40,0.0,0.0,,23.5,700
16-171,"Bloater, flesh only, grilled, weighed with bones and skin",JC,678,163,11.3,2.90,0.0,0.0,,15.3,450
14-325,Blueberries,FA,169,40,0.2,0.02,9.1,9.1,1.5,0.9,2
16-004,"Boal, raw",JA,362,86,2.7,N,0.0,0.0,,15.4,N
19-476,"Bolognese sauce (with meat), homemade",MR,668,161,11.6,4.20,2.8,2.6,0.7,11.8,180
19-475,"Bolognese sauce (with meat), made with extra lean minced beef, homemade",MR,452,108,4.9,1.49,2.8,2.6,0.6,13.0,186
16-005,Bombay duck,JA,1197,283,4.0,N,0.0,0.0,,61.7,N
17-764,Bombay mix,SN,2099,503,32.9,3.95,35.1,2.3,8.8,18.8,640
17-770,"Bouillabaisse, homemade",WAA,579,139,10.5,1.34,2.0,1.7,N,11.3,54
17-766,Bounty bar and own brand equivalents,SEA,2012,480,26.3,20.50,61.0,50.4,3.2,3.7,180
18-392,"Brain, lamb, boiled",MG,523,126,8.8,2.00,0.0,0.0,,11.6,210
11-906,"Bran, wheat",AA,785,186,5.5,0.89,20.6,2.3,41.3,14.8,3
11-1036,"Brandy snaps, homemade",AM,2055,489,22.5,14.16,72.1,50.1,1.2,2.8,272
19-115,Brawn,MI,636,153,11.5,N,0.0,0.0,,12.4,750
14-871,"Brazil nuts, kernel only",GA,2816,683,68.2,17.41,3.1,2.4,N,14.3,3
14-884,"Brazil nuts, kernel only, weighed with shells",GA,1295,314,31.4,8.01,1.4,1.1,,6.5,1
11-1038,"Bread pudding, homemade",AS,1220,289,7.7,N,48.0,33.3,N,5.9,238
11-1144,"Bread rolls, brown, crusty",AF,1085,255,2.8,0.60,50.4,1.9,N,10.3,380
11-983,"Bread rolls, brown, soft",AG,1004,236,3.2,1.10,44.8,2.8,4.3,9.9,380
11-984,"Bread rolls, malted wheat",AG,1009,238,4.2,1.08,42.7,3.0,4.4,10.0,370
11-985,"Bread rolls, white, crusty",AG,1116,262,2.2,0.51,54.9,2.7,2.9,9.2,400
11-1006,"Bread rolls, white, soft",AF,1078,254,2.6,0.62,51.5,2.6,2.6,9.3,400
11-986,"Bread rolls, wholemeal",AG,1037,244,3.3,0.80,46.1,2.6,5.5,10.4,380
17-664,"Bread sauce, made with semi-skimmed milk, HOMEMADE",WCD,411,97,2.5,1.43,15.6,5.4,N,4.0,93
17-771,"Bread sauce, made with skimmed milk, homemade",WCD,372,88,1.4,0.41,15.5,5.1,0.5,4.2,142
17-772,"Bread sauce, made with whole milk, homemade",WCD,455,108,3.7,1.90,15.4,5.0,0.5,4.1,141
11-971,"Bread, brown, average",AF,882,207,2.0,0.43,42.1,3.4,5.0,7.9,400
11-1136,"Bread, brown, toasted",AF,1131,266,2.6,0.55,54.0,4.4,6.4,10.1,513
11-969,"Bread, ciabatta",AF,1150,271,3.9,0.57,52.0,3.1,3.3,10.2,350
11-937,"Bread, garlic and herb, retail",AF,1459,348,16.7,8.63,45.1,2.9,2.7,7.0,476
11-462,"Bread, malt, fruited",AF,1256,295,2.3,0.52,64.9,22.6,3.5,7.8,246
11-972,"Bread, malted wheat",AF,1005,237,2.3,0.58,47.4,2.9,5.3,9.6,400
11-910,"Bread, naan, peshwari naan, takeaway and retail",AF,1058,251,7.9,3.13,39.8,1.6,5.6,7.6,390
11-973,"Bread, naan, retail",AF,1206,285,7.3,0.97,50.2,3.1,2.9,7.8,360
11-974,"Bread, pitta, white",AF,1084,255,1.3,0.20,55.1,3.0,2.3,9.1,400
11-947,"Bread, seeded",AF,1143,270,7.4,1.00,43.8,3.8,6.2,9.9,360
11-1117,"Bread, soda, made with white flour, homemade",AF,1110,261,1.6,0.73,57.3,2.3,2.7,7.6,150
11-975,"Bread, wheatgerm",AF,935,220,3.1,0.72,39.5,3.8,5.7,11.1,390
11-1145,"Bread, white, average",AF,1004,236,2.1,N,48.7,3.0,2.9,8.7,400
11-923,"Bread, white, crusty bloomer, unsliced, fresh, large",AF,1052,247,1.6,0.39,52.3,2.8,2.8,9.2,400
11-976,"Bread, white, Danish style",AF,967,228,2.7,0.50,44.5,3.0,3.1,9.1,400
11-977,"Bread, white, farmhouse or split tin",AF,1025,241,2.0,0.49,49.9,2.9,2.9,9.0,400
11-978,"Bread, white, French stick",AF,1121,263,1.9,0.34,56.1,2.8,3.3,9.0,400
11-979,"Bread, white, premium",AF,978,230,2.3,N,47.0,2.7,2.8,8.3,400
11-980,"Bread, white, sliced",AF,931,219,1.6,0.29,46.1,3.4,2.5,7.9,400
11-1137,"Bread, white, sliced, fried in rapeseed oil",AF,2078,498,32.2,2.30,46.8,3.5,2.5,8.1,406
11-1001,"Bread, white, toasted",AF,1137,267,2.0,0.35,56.2,4.1,3.0,9.7,490
11-1003,"Bread, white, 'with added fibre'",AF,951,224,2.2,0.42,45.1,3.5,4.8,8.7,370
11-1004,"Bread, white, 'with added fibre', toasted",AF,1132,266,2.6,0.50,53.7,4.2,5.7,10.4,440
11-981,"Bread, wholemeal, average",AF,922,217,2.5,0.46,42.0,2.8,7.0,9.4,400
11-982,"Bread, wholemeal, toasted",AF,1084,255,2.9,0.54,49.2,3.2,8.2,11.2,470
13-168,"Breadfruit, boiled in unsalted water",DG,506,119,0.4,N,29.0,1.5,,1.6,1
13-167,"Breadfruit, raw",DG,403,95,0.3,N,23.1,1.2,,1.3,1
14-895,"Breadnut seeds, dried",G,1536,367,1.7,0.50,73.8,N,14.9,8.6,53
11-826,"Breadsticks, plain",AM,1650,389,8.1,6.01,72.9,3.3,3.7,10.9,817
11-763,"Breakfast cereal, bran flakes, fortified",AI,1417,333,2.2,0.31,73.3,21.0,13.4,9.6,360
11-767,"Breakfast cereal, bran type cereal, fortified",AI,1132,267,3.4,0.53,49.7,20.0,24.6,12.4,360
11-746,"Breakfast cereal, cornflakes, crunchy / honey nut coated, fortified",AI,1631,384,4.2,0.73,86.6,37.4,3.8,5.3,350
11-742,"Breakfast cereal, cornflakes, fortified",AI,1605,376,0.8,0.14,90.9,7.3,2.6,7.1,450
11-749,"Breakfast cereal, cornflakes, frosted, fortified",AI,1490,350,0.5,0.09,87.0,38.3,2.0,4.7,300
11-745,"Breakfast cereal, cornflakes, unfortified",AI,1613,378,0.8,0.14,91.4,3.0,2.6,7.1,410
11-938,"Breakfast cereal, crunchy clusters type, without nuts, unfortified",AI,1687,399,11.6,4.15,71.0,25.3,7.2,7.2,41
11-939,"Breakfast cereal, crunchy/crispy muesli type cereal, with nuts, unfortified",AI,1892,450,20.5,4.61,61.9,23.1,7.9,8.4,138
11-779,"Breakfast cereal, fruit and fibre type, fortified",AI,1475,348,5.8,2.65,70.3,26.2,8.6,8.0,350
11-755,"Breakfast cereal, honey loops and hoops, including Honey and Nut Cheerios, fortified",AI,1486,349,3.1,0.67,78.7,34.7,4.3,6.6,280
11-792,"Breakfast cereal, instant hot oat, plain, raw, fortified",AI,1491,352,7.3,1.20,64.6,0.5,8.5,11.0,5
11-760,"Breakfast cereal, malted flake, fortified",AI,1587,373,1.4,0.27,83.4,17.2,3.0,11.8,380
11-761,"Breakfast cereal, malted wheat, fortified",AI,1444,339,2.3,0.32,75.7,20.3,8.6,8.7,250
11-1019,"Breakfast cereal, multigrain hoops, fortified",AI,1566,368,3.8,0.70,80.7,22.4,5.7,7.9,330
11-795,"Breakfast cereal, Oat, instant, flavoured, unfortified, made up with semi-skimmed milk",AI,413,98,2.4,1.10,15.6,7.8,1.0,4.4,70
11-793,"Breakfast cereal, oat, instant, plain, fortified, cooked, made up with semi-skimmed milk",AI,403,95,2.5,1.08,14.2,4.2,2.0,4.9,40
11-757,"Breakfast cereal, puffed wheat, honey coated, fortified",AI,1513,355,1.2,0.16,86.8,36.8,3.1,4.7,20
11-756,"Breakfast cereal, puffed wheat, unfortified",AI,1450,341,2.0,0.34,72.0,0.2,7.8,13.2,2
11-753,"Breakfast cereal, rice, chocolate flavoured, fortified",AI,1597,375,2.3,1.20,89.6,37.7,2.0,4.6,320
11-750,"Breakfast cereal, rice, toasted/crisp, fortified",AI,1593,374,1.0,0.22,91.2,12.4,0.7,5.7,370
11-754,"Breakfast cereal, Ricicles, Kellogg's",AI,1606,377,0.4,0.09,95.4,39.1,0.3,3.8,460
11-777,"Breakfast cereal, shredded wheat type with fruit, unfortified",AI,1389,326,1.7,0.25,74.0,18.7,8.8,8.4,21
11-775,"Breakfast cereal, shredded wheat type, unfortified",AI,1417,333,2.5,0.34,71.2,0.6,12.2,10.9,4
11-778,"Breakfast cereal, Shredded Wheat, honey nut, Nestle",AI,1531,361,5.4,1.83,72.8,19.6,9.2,9.8,7
11-762,"Breakfast cereal, wheat and multigrain, chocolate flavoured, fortified",AI,1594,375,4.1,1.37,83.2,30.5,6.3,6.5,180
11-773,"Breakfast cereal, wheat biscuits, Weetabix type, fortified",AI,1412,332,1.9,0.26,72.7,3.9,9.7,10.5,260
11-774,"Breakfast cereal, wheat biscuits, Weetabix type, unfortified",AI,1412,332,1.9,0.26,72.7,3.9,9.7,10.5,278
16-006,"Bream, Sea, raw",JA,405,96,2.9,N,0.0,0.0,,17.5,110
15-700,"Broccoli in cheese sauce, made with semi-skimmed milk, homemade",DR,493,118,7.5,4.52,5.9,3.0,2.7,7.3,130
15-701,"Broccoli in cheese sauce, made with skimmed milk, homemade",DR,475,114,6.9,4.18,5.9,3.0,2.5,7.3,130
15-702,"Broccoli in cheese sauce, made with whole milk, homemade",DR,521,124,8.2,5.00,5.8,2.9,2.5,7.3,129
13-583,"Broccoli, green, boiled in salted water",DG,120,28,0.5,0.12,2.8,1.6,2.8,3.3,150
13-503,"Broccoli, green, boiled in unsalted water",DG,120,28,0.5,0.12,2.8,1.6,2.8,3.3,6
13-502,"Broccoli, green, raw",DG,146,34,0.6,0.15,3.2,1.9,4.0,4.3,9
13-504,"Broccoli, green, steamed",DG,142,34,0.5,0.12,3.5,2.0,3.8,4.1,7
13-176,"Broccoli, purple sprouting, boiled in unsalted water",DG,80,19,0.6,0.10,1.3,0.9,,2.1,6
13-174,"Broccoli, purple sprouting, raw",DG,148,35,1.1,0.20,2.6,2.1,,3.9,10
17-706,Brown fruity sauce,WCN,418,98,0.1,Tr,22.2,19.6,N,1.2,510
17-678,"Brown sauce, reduced salt/sugar",WCN,374,88,0.1,Tr,20,14.1,N,0.7,390
11-1127,"Brownies, chocolate, homemade",AN,2114,506,30.8,16.43,54.3,46.1,N,6.2,187
13-630,"Brussels sprouts, boiled in unsalted water",DG,135,32,0.4,0.09,4.2,3.7,3.2,3.1,5
13-177,"Brussels sprouts, raw",DG,177,42,1.4,0.30,4.1,3.1,N,3.5,6
15-704,"Bubble and squeak, fried in rapeseed oil, homemade",DR,525,126,9.0,0.62,10.1,1.6,1.9,1.7,3
15-703,"Bubble and squeak, fried in sunflower oil, homemade",DR,530,128,9.1,1.11,10.2,1.6,1.9,1.7,3
11-006,"Buckwheat, groats",AA,1522,364,1.5,,84.9,0.4,,8.1,1
17-823,"Build up, powder, shake, assorted flavours",PAA,1383,325,0.7,0.40,63.0,62.0,8.2,20.5,250
17-728,"Build-up powder, soup, assorted flavours",PAA,1713,407,14.9,4.60,57.3,14.3,6.5,14.4,980
19-651,"Burger, beef, 62-85% beef, raw",MBG,911,219,15.2,5.72,4.9,2.7,0.7,15.9,330
19-546,"Burger, beef, 62-85%, beef, grilled",MBG,958,229,13.8,5.22,8.5,2.1,0.6,18.3,440
19-490,"Burger, beef, 98-99% beef, fried in vegetable oil",MBG,1370,329,23.9,10.70,0.1,0.1,0.7,28.5,470
19-491,"Burger, beef, 98-99% beef, grilled",MBG,1355,326,24.4,10.90,0.1,0.1,0.7,26.5,400
19-492,"Burger, beef, 98-99% beef, raw",MBG,1206,291,24.7,10.71,0.1,0.1,0.5,17.1,290
19-553,"Burger, beef, fried in rapeseed oil, homemade",MR,1233,297,21.9,8.32,1.1,0.8,0.3,23.9,109
19-555,"Burger, beef, grilled, homemade",MR,1195,288,20.3,8.54,1.1,0.9,0.3,25.0,114
19-554,"Burger, beef, with bun, fried in rapeseed oil, homemade",MR,1212,291,18.6,6.93,10.3,1.1,0.2,21.0,194
19-556,"Burger, beef, with bun, grilled, homemade",MR,1181,283,17.4,7.11,10.3,1.1,N,21.9,198
19-493,"Burger, Big Mac, takeaway",MBG,972,232,11.2,4.70,20.9,3.9,1.9,13.1,390
19-545,"Burger, cheeseburger, takeaway",MBG,1069,254,10.4,4.90,28.3,5.7,1.4,13.6,560
19-315,"Burger, chicken, takeaway",MBG,987,235,10.8,N,23.4,N,1.3,12.5,560
18-502,"Burger, chicken/turkey, coated, retail, grilled",MCA,1113,266,15.5,2.63,18.7,0.9,0.8,14.2,383
19-544,"Burger, hamburger, takeaway",MBG,1036,246,8.3,3.50,31.2,6.6,1.8,13.5,480
19-487,"Burger, Quarter Pounder with cheese, takeaway",MBG,1102,263,13.2,6.80,21.2,5.5,1.6,16.3,463
19-514,"Burger, Whopper, takeaway",MBG,932,223,12.1,3.30,19.2,4.2,1.2,10.4,357
17-685,"Butter, salted",OA,3059,744,82.2,52.09,0.6,0.6,0.0,0.6,730
17-655,"Butter, spreadable (75-80% fat)",OA,2941,715,79.1,34.15,0.5,0.5,0.0,0.4,484
17-656,"Butter, spreadable, light (60% fat)",OA,2248,547,60.2,25.70,0.8,0.8,0.0,0.5,467
17-661,"Butter, unsalted",OA,3059,744,82.2,52.09,0.6,0.6,0.0,0.6,8
17-001,"Butteroil, unsalted",OB,3684,896,99.3,65.60,Tr,Tr,,0.6,15
19-631,"Cabbage leaves, stuffed with lamb and rice, homemade",MR,418,100,4.2,1.80,8.3,1.6,1.5,7.1,153
13-581,"Cabbage, average, boiled in unsalted water",DG,70,17,0.2,0.02,2.8,2.8,2.2,1.1,5
13-582,"Cabbage, average, raw",DG,108,26,0.2,0.02,4.4,4.4,3.5,1.8,7
13-187,"Cabbage, Chinese, raw",DG,49,12,0.2,Tr,1.4,1.4,,1.0,7
13-511,"Cabbage, green, boiled in unsalted water",DG,70,17,0.2,0.04,2.3,2.3,2.2,1.5,5
13-510,"Cabbage, green, raw",DG,114,27,0.2,0.04,4.1,4.1,4.1,2.4,7
13-540,"Cabbage, red, boiled in unsalted water",DG,61,15,0.3,Tr,2.3,2.0,2.3,0.8,6
15-705,"Cabbage, red, cooked with apple",DR,241,57,2.6,0.77,7.9,7.5,0.1,0.9,30
13-190,"Cabbage, red, raw",DG,89,21,0.3,Tr,3.7,3.3,2.9,1.1,8
13-584,"Cabbage, white, boiled in unsalted water",DG,69,16,0.1,Tr,3.2,3.2,2.1,0.8,5
13-509,"Cabbage, white, raw",DG,101,24,0.1,Tr,4.8,4.8,3.0,1.2,7
11-740,"Cake bars, chocolate",AN,1804,430,21.6,9.90,57.5,41.5,1.9,5.0,235
11-916,Cake rusks,AM,1894,452,23.1,8.08,55.7,24.6,1.6,8.7,359
11-835,"Cake, battenberg, retail",AN,1495,354,9.9,3.08,65.9,56.8,1.5,4.4,137
11-836,"Cake, carrot, iced, retail",AN,1569,374,20.2,5.14,46.8,34.5,1.9,4.2,220
11-1041,"Cake, carrot, with topping, homemade",AN,1447,346,21.1,5.19,37.7,23.7,1.5,4.0,214
11-1044,"Cake, cherry, homemade",AN,1680,398,14.4,4.67,66.5,40.0,N,5.0,227
11-527,"Cake, chocolate fudge",AN,1509,358,14.3,4.57,55.7,43.5,1.9,5.2,265
11-1046,"Cake, chocolate, not filled, homemade",AN,1835,438,24.1,8.28,51.3,28.5,N,7.3,351
11-1047,"Cake, chocolate, with butter icing, homemade",AN,1895,452,25.2,10.43,53.8,35.7,N,5.8,334
11-830,"Cake, chocolate, with filling and icing, retail",AN,1730,413,23.7,9.46,48.6,36.6,2.9,4.5,259
11-1053,"Cake, coconut, homemade",AN,1773,423,22.1,10.44,52.6,21.3,N,6.7,388
11-829,"Cake, fruit, retail",AN,1408,334,12.1,4.64,55.2,39.6,3.0,4.5,193
11-1005,"Cake, fruit, rich, homemade",AN,1474,349,11.1,6.48,61.5,49.6,N,4.0,133
11-991,"Cake, fruit, rich, iced, homemade",AN,1501,355,9.6,4.53,67.0,58.9,N,3.7,98
11-1072,"Cake, fruit, wholemeal, homemade",AN,1540,366,14.1,4.59,52.4,29.2,N,5.8,240
11-1090,"Cake, lardy, homemade",AN,1554,369,15.7,6.44,53.7,10.0,2.3,6.7,18
11-833,"Cake, loaf, retail",AN,1362,323,11.0,3.16,56.2,33.5,1.4,3.3,366
11-957,"Cake, sponge, fatless, homemade",AN,1240,292,5.6,1.59,53.9,30.6,1.2,9.9,91
11-956,"Cake, sponge, homemade",AN,1935,463,26.4,15.69,53.1,30.3,1.1,6.4,430
11-832,"Cake, sponge, soft iced, retail",AN,1546,368,15.8,6.21,55.0,39.0,1.3,4.8,251
11-1118,"Cake, sponge, with butter icing, homemade",AN,1991,476,27.3,16.57,56.2,40.0,0.8,4.5,382
11-532,"Cake, sponge, with dairy cream and jam, frozen",AN,1179,280,10.9,N,43.9,24.3,2.7,4.3,218
11-831,"Cake, sponge, with jam and butter cream, retail",AN,1492,354,14.8,6.96,55.1,37.6,1.2,3.7,220
11-1125,"Cake, Swiss roll, homemade",AN,1214,286,4.2,1.18,58.4,42.2,0.8,7.4,75
11-834,"Cake, Swiss rolls, chocolate covered and filled, retail",AN,1733,414,22.7,11.68,51.0,41.2,3.1,4.5,259
11-840,Cakes from 'healthy eating' ranges,AN,1091,257,2.5,1.22,58.8,47.4,2.6,3.3,70
11-990,"Cakes, crispie, homemade",AN,1938,460,18.0,10.64,73.7,43.0,N,5.5,169
11-839,"Cakes, fancy iced, individual, retail",AN,1600,381,16.8,5.86,57.6,44.1,1.1,3.3,275
16-404,"Calamari, coated in batter, baked",JM,1206,288,17.5,2.07,25.9,Tr,1.9,8.5,1182
15-706,"Callaloo and cho cho, homemade",DR,317,77,6.6,2.84,2.6,2.2,N,1.9,119
15-707,"Callaloo and okra, homemade",DR,303,73,6.4,2.75,2.2,1.9,N,1.8,98
15-708,"Cannelloni, spinach, homemade",DR,589,140,6.9,1.81,15.4,2.0,N,5.2,74
15-709,"Cannelloni, vegetable, homemade",DR,648,155,8.5,2.87,15.5,2.4,N,4.9,65
17-649,"Caramel bars and sweets, chocolate covered",SEA,2068,493,23.6,13.78,70.2,56.0,0.7,4.2,160
13-808,Caraway seeds,H,N,N,14.6,0.60,N,N,,19.8,17
19-558,"Carbonnade of Beef, homemade",MR,560,134,6.5,2.12,5.2,2.7,0.8,12.7,230
13-809,"Cardamom, ground",H,N,N,6.7,N,N,N,,10.8,18
16-172,"Carp, raw",JA,471,112,4.7,0.90,0.0,0.0,,17.5,43
13-607,Carrot juice,DG,103,24,0.1,Tr,5.7,5.7,0.6,0.5,51
13-497,"Carrots, old, boiled in unsalted water",DG,123,29,0.5,0.15,6.0,5.5,2.8,0.5,29
13-498,"Carrots, old, microwaved",DG,138,32,0.2,0.06,7.5,7.2,2.8,0.6,44
13-496,"Carrots, old, raw",DG,146,34,0.4,0.10,7.7,7.2,3.9,0.5,27
13-449,"Carrots, young, boiled in unsalted water",DG,93,22,0.4,0.10,4.4,4.2,N,0.6,23
13-565,"Carrots, young, canned in water, re-heated, drained",DG,87,20,0.3,0.10,4.2,3.7,2.6,0.5,Tr
13-448,"Carrots, young, raw",DG,125,30,0.5,0.10,6.0,5.6,N,0.7,40
14-060,"Cashew fruit, flesh only",FA,139,33,0.4,N,6.8,6.8,,0.9,7
14-811,"Cashew nuts, kernel only, plain",GA,2374,573,48.2,9.50,18.1,4.6,,17.7,15
14-812,"Cashew nuts, kernel only, roasted and salted",GA,2533,611,50.9,10.10,18.8,5.6,4.3,20.5,290
13-209,"Cassava, baked",DG,661,155,0.2,0.10,40.1,1.6,,0.7,5
13-210,"Cassava, boiled in unsalted water",DG,552,130,0.2,0.10,33.5,1.4,,0.5,4
13-212,"Cassava, frozen, raw",DG,599,140,0.2,0.10,36.3,1.0,,0.6,9
13-208,"Cassava, raw",DG,607,142,0.2,0.10,36.8,1.5,,0.6,5
13-211,"Cassava, steamed",DG,607,142,0.2,0.10,36.8,1.5,,0.6,4
15-712,"Casserole, bean and mixed vegetable, homemade",DR,178,42,0.7,0.11,6.6,3.4,N,2.7,58
15-713,"Casserole, bean and root vegetable, homemade",DR,206,48,0.6,0.08,8.4,3.2,N,3.0,34
19-470,"Casserole, beef, made with cook-in sauce",MR,576,137,6.6,2.75,4.8,2.7,0.7,15.0,302
19-612,"Casserole, pork and apple, homemade",MR,420,100,2.9,0.66,7.5,4.3,0.5,11.0,176
19-536,"Casserole, pork, made with cook-in sauce",MR,646,154,7.9,2.68,4.0,2.3,0.7,17.0,183
19-623,"Casserole, rabbit, homemade",MR,406,97,4.8,1.37,2.2,1.1,0.6,11.4,390
19-484,"Casserole, sausage, homemade",MR,685,165,10.9,3.65,5.2,2.0,1.6,11.9,443
15-714,"Casserole, sweet potato and green banana, homemade",DR,763,181,6.5,4.09,31.2,24.6,N,1.2,79
15-638,"Casserole, vegetable, homemade",DR,220,52,0.4,0.07,10.6,5.1,2.4,2.1,36
16-008,"Catfish, flesh only, steamed",JA,501,119,3.7,0.50,0.0,0.0,,21.4,110
16-009,"Catfish, flesh only, steamed, weighed with bones",JA,426,101,3.1,0.40,0.0,0.0,,18.2,92
16-007,"Catfish, raw",JA,403,96,2.8,0.40,0.0,0.0,,17.6,95
15-639,"Cauliflower cheese, made with semi-skimmed milk, homemade",DR,407,97,5.9,3.05,6.2,3.2,1.3,5.3,104
15-710,"Cauliflower cheese, made with skimmed milk, homemade",DR,394,94,5.6,2.81,6.2,3.2,1.3,5.3,105
15-711,"Cauliflower cheese, made with whole milk, homemade",DR,425,102,6.4,3.36,6.1,3.1,1.3,5.3,104
15-637,"Cauliflower cheese, retail",DR,366,88,5.8,N,5.0,1.9,1.6,4.2,200
15-715,"Cauliflower in white sauce, made with semi-skimmed milk, homemade",DR,263,63,3.2,1.80,6.0,3.3,1.4,2.7,38
15-716,"Cauliflower in white sauce, made with skimmed milk, homemade",DR,244,58,2.8,1.46,6.0,3.3,1.4,2.8,38
15-717,"Cauliflower in white sauce, made with whole milk, homemade",DR,300,72,4.2,2.38,6.2,3.2,1.4,2.7,39
15-718,"Cauliflower with onions and chilli pepper, homemade",DR,231,55,3.4,0.34,4.6,3.3,2.0,1.8,7
13-513,"Cauliflower, boiled in unsalted water",DG,122,29,0.9,0.20,3.5,2.4,1.9,1.9,7
13-512,"Cauliflower, raw",DG,128,30,0.4,0.09,4.4,2.9,1.8,2.5,7
16-272,"Caviare, bottled in brine, drained",JR,385,92,5.4,0.80,0.0,0.0,,10.9,2120
13-585,"Celeriac, boiled in unsalted water",DG,62,15,0.5,N,1.9,1.5,N,0.9,79
13-219,"Celeriac, raw",DG,73,18,0.4,N,2.3,1.8,,1.2,91
13-810,Celery seeds,H,N,N,25.3,2.20,N,N,,18.1,160
13-637,"Celery, boiled in unsalted water",DG,21,5.1,0.1,Tr,0.8,0.8,0.8,0.3,43
13-636,"Celery, raw",DG,36,9,0.1,Tr,1.4,1.4,1.5,0.5,77
11-819,"Cereal bars, with fruit and/or nuts, no chocolate, unfortified",AM,1497,354,10.7,3.85,62.9,34.3,6.2,5.6,65
11-818,"Cereal bars, with fruit and/or nuts, with chocolate, unfortified",AM,1835,436,18.3,8.43,66.0,40.7,5.1,6.0,221
11-987,"Chapatis, made with fat, retail",AF,1383,328,12.8,N,48.3,1.8,N,8.1,300
11-459,"Chapatis, made without fat",AF,860,202,1.0,0.10,43.7,1.6,,7.3,120
13-224,"Chard, Swiss, boiled in unsalted water",DG,84,20,0.1,Tr,3.2,0.4,,1.9,180
13-223,"Chard, Swiss, raw",DG,81,19,0.2,Tr,2.9,0.6,,1.8,210
11-997,"Cheese and onion rolls, pastry, retail",AT,1366,327,20.0,8.97,30.4,3.0,2.9,8.2,310
12-561,"Cheese pudding, homemade",BV,712,170,9.3,4.95,11.7,3.1,N,10.6,272
17-665,"Cheese sauce, made with semi-skimmed milk, homemade",WCD,757,182,12.8,8.01,9.0,4.2,0.7,8.2,213
17-773,"Cheese sauce, made with skimmed milk, homemade",WCD,716,172,11.6,7.23,9.1,4.3,0.2,8.2,215
17-775,"Cheese sauce, made with whole milk, homemade",WCD,822,197,14.6,9.12,8.9,4.1,0.2,8.2,212
17-666,"Cheese sauce, packet mix, made up with semi-skimmed milk, homemade",WCD,447,106,5.2,3.26,9.7,5.3,0.2,5.8,382
17-780,"Cheese sauce, packet mix, made up with skimmed milk, homemade",WCD,333,79,2.4,N,9.2,5.3,,5.6,452
17-781,"Cheese sauce, packet mix, made up with whole milk, homemade",WCD,452,108,5.7,N,9.0,5.1,,5.5,450
12-540,"Cheese spread, plain",BL,984,237,18.6,12.91,6.5,6.5,0.0,11.3,730
12-537,"Cheese spread, plain, reduced fat",BL,648,154,7.2,4.56,7.9,7.3,0.0,15.0,750
11-824,"Cheese straws/twists, retail",AM,2133,510,30.3,17.54,48.3,1.6,2.5,14.1,974
12-491,"Cheese, Brie, rind only",BL,1257,304,26.4,,,,,16.5,569
12-344,"Cheese, Brie, with outer rind removed",BL,1422,343,29.1,18.20,Tr,Tr,0.0,20.3,556
12-132,"Cheese, Caerphilly",BL,1554,375,31.3,19.60,0.1,0.1,,23.2,480
12-345,"Cheese, Camembert",BL,1205,290,22.7,14.20,Tr,Tr,0.0,21.5,605
12-548,"Cheese, Cheddar type, '30% less fat'",BL,1305,314,22.1,13.80,0.8,0.1,0.0,27.9,720
12-348,"Cheese, Cheddar type, half fat",BL,1141,273,15.8,9.90,Tr,Tr,0.0,32.7,670
12-346,"Cheese, Cheddar, English",BL,1725,416,34.9,21.68,0.1,0.1,0.0,25.4,723
12-539,"Cheese, cottage, plain",BL,431,103,6.0,3.24,3.1,3.1,0.0,9.4,250
12-550,"Cheese, cottage, plain, reduced fat",BL,289,68,1.5,0.96,3.3,3.3,0.0,10.6,210
12-354,"Cheese, Danish blue",BL,1418,342,28.9,19.13,Tr,Tr,0.0,20.5,1220
12-152,"Cheese, Derby",BL,1667,402,33.9,21.20,0.1,0.1,,24.2,580
12-494,"Cheese, Dolcelatte, rind removed",BL,1631,394,35.8,22.23,Tr,Tr,0.0,18.0,903
12-487,"Cheese, Double Gloucester",BL,1711,413,35.0,21.93,0.1,0.1,0.0,24.4,673
12-355,"Cheese, Edam",BL,1416,341,26.0,15.80,Tr,Tr,0.0,26.7,996
12-493,"Cheese, Emmental",BL,1657,399,30.9,20.59,Tr,Tr,0.0,30.2,187
12-525,"Cheese, Feta",BL,1037,250,20.2,13.70,1.5,1.5,0.0,15.6,1000
12-357,"Cheese, goats milk, full fat, soft, white rind",BL,1329,320,25.8,17.91,1.0,1.0,0.0,21.1,601
12-358,"Cheese, Gouda",BL,1562,377,30.6,20.33,Tr,Tr,0.0,25.3,925
12-164,"Cheese, Gruyere",BL,1695,409,33.3,20.80,Tr,Tr,,27.2,670
12-496,"Cheese, Halloumi",BL,1303,313,23.5,16.58,1.7,1.7,0.0,23.9,1200
12-604,"Cheese, hard, average",BL,1702,411,34.5,21.57,0.1,0.1,0.0,24.9,687
12-488,"Cheese, Lancashire",BL,1584,382,31.7,21.04,0.1,0.1,0.0,24.1,575
12-490,"Cheese, Mascarpone",BL,1794,435,44.5,29.48,4.3,4.3,0.0,4.6,70
12-360,"Cheese, Mozzarella, fresh",BL,1067,257,20.3,13.75,Tr,Tr,0.0,18.6,395
12-495,"Cheese, Paneer",BL,1363,328,24.5,15.43,0.9,0.9,0.0,26.0,19
12-526,"Cheese, Parmesan, fresh",BL,1729,415,29.7,19.25,0.9,0.9,0.0,36.2,660
12-492,"Cheese, Port Salut, St Paulin type",BL,1384,333,25.7,18.06,Tr,Tr,0.0,25.5,699
12-527,"Cheese, processed, plain",BL,1234,297,23.0,14.32,5.0,5.0,0.0,17.8,1000
12-549,"Cheese, processed, slices, reduced fat",BL,794,190,9.6,5.85,9.7,7.6,0.0,16.7,810
12-173,"Cheese, processed, smoked",BL,1258,303,24.5,15.10,0.2,0.2,,20.5,1270
12-174,"Cheese, Quark",BL,313,74,Tr,Tr,4.0,4.0,,14.6,45
12-485,"Cheese, Red Leicester",BL,1670,403,33.6,21.10,0.1,0.1,0.0,25.0,665
12-175,"Cheese, Red Windsor",BL,1662,401,33.7,21.10,Tr,Tr,,24.4,690
12-176,"Cheese, Ricotta",BL,599,144,11.0,6.90,2.0,2.0,,9.4,100
12-177,"Cheese, Roquefort",BL,1552,375,32.9,20.70,Tr,Tr,,19.7,1670
12-178,"Cheese, Sage Derby",BL,1667,402,33.9,21.20,0.1,0.1,,24.2,600
12-551,"Cheese, spreadable, full fat, soft, white",BL,1041,252,24.4,15.97,3.0,3.0,0.0,5.3,260
12-538,"Cheese, spreadable, medium fat, soft, white",BL,637,153,11.2,7.35,3.5,3.5,0.0,9.8,270
12-541,"Cheese, spreadable, soft white, low fat",BL,416,99,3.6,2.40,5.0,5.0,0.0,11.9,260
12-367,"Cheese, Stilton, blue",BL,1698,410,35.0,23.02,0.1,0.1,0.0,23.7,788
12-181,"Cheese, Stilton, white",BL,1498,362,31.3,19.60,0.1,0.1,,19.9,770
12-489,"Cheese, Wensleydale",BL,1581,381,31.8,19.70,0.1,0.1,0.0,23.7,440
12-486,"Cheese, White Cheshire",BL,1576,380,31.8,21.23,0.1,0.1,0.0,23.4,492
12-368,"Cheese, white, average",BL,1580,381,31.8,21.10,0.1,0.1,0.0,23.7,502
12-395,"Cheesecake, fruit, frozen",BR,1231,294,16.2,9.44,35.2,25.0,1.0,4.0,146
12-542,"Cheesecake, fruit, individual",BR,1111,264,12.3,7.54,34.5,25.4,1.6,6.1,90
12-562,"Cheesecake, homemade",BR,1355,325,22.8,13.18,25.4,15.5,0.6,6.2,266
11-1043,"Chelsea buns, homemade",AP,1522,361,12.5,4.08,57.8,21.0,1.6,7.8,139
14-382,"Cherries, flesh and skin, raw",FA,268.8,63.15,0.4,0.08,14.6,14.6,1.9,1.2,Tr
14-383,"Cherries, flesh and skin, raw, weighed with stones",FA,247,58,0.4,0.07,13.4,13.4,1.7,1.1,Tr
14-335,"Cherries, glace",FA,1256,294,Tr,Tr,78.1,N,N,0.4,27
14-063,"Cherries, stewed with sugar",FA,350,82,0.1,Tr,21.0,21.0,,0.7,Tr
14-064,"Cherries, stewed with sugar, weighed with stones",FA,303,71,0.1,Tr,18.1,18.1,,0.6,Tr
14-065,"Cherries, stewed without sugar",FA,177,42,0.1,Tr,10.1,10.1,,0.8,Tr
14-066,"Cherries, stewed without sugar, weighed with stones",FA,152,36,0.1,Tr,8.6,8.6,,0.6,Tr
14-069,"Cherries, West Indian, flesh only",FA,102,24,0.4,N,5.0,5.0,,0.4,5
13-811,"Chervil, dried",H,990,237,3.9,N,37.8,N,,23.2,83
14-815,"Chestnuts, dried",GA,1356,319,5.1,0.90,69.0,13.2,,3.7,21
14-813,"Chestnuts, kernel only, raw",GA,719,170,2.7,0.50,36.6,7.0,N,2.0,11
14-814,"Chestnuts, kernel only, raw, weighed with shells",GA,595,140,2.2,0.40,30.4,5.8,,1.6,9
17-782,"Chevda/chevra/chewra, homemade",SNC,2026,487,31.8,4.71,35.5,N,N,18.6,114
18-504,"Chicken breast/steak, coated, baked",MCA,982,234,11.6,1.78,15.8,1.1,0.8,17.7,466
19-560,"Chicken chasseur, homemade",MR,329,78,1.5,0.25,2.3,1.1,0.2,13.5,133
19-663,"Chicken chasseur, homemade, weighed with bone",MR,293,69,1.3,0.22,2.0,1.0,0.2,12.0,118
19-561,"Chicken fricassee, homemade",MR,480,115,6.1,2.40,2.8,1.5,N,10.0,263
19-562,"Chicken fricassee, reduced fat, homemade",MR,422,101,4.2,1.19,3.2,2.0,N,10.2,263
19-563,"Chicken in white sauce, made with semi-skimmed milk",MR,655,156,7.7,3.42,5.0,2.3,0.1,17.0,89
19-564,"Chicken in white sauce, made with whole milk",MR,705,168,9.0,4.22,5.2,2.2,0.1,17.0,91
18-501,"Chicken pieces, coated, takeaway",MCA,1118,267,14.1,2.32,17.6,Tr,1.3,18.5,535
18-500,"Chicken portions, battered, deep fried, takeaway",MCA,972,233,12.8,3.07,4.8,0.0,2.9,24.8,477
19-323,"Chicken satay, takeaway",MR,798,191,10.3,3.02,3.0,1.6,2.0,21.7,613
19-538,Chicken slices,MI,482,114,1.5,0.40,2.0,0.2,0.3,23.2,580
17-697,"Chicken soup, cream of, canned, condensed, as served",WAC,177,43,2.9,0.40,3.0,0.7,Tr,1.3,250
19-541,"Chicken wings, marinated, meat and skin, barbecued",MR,1146,274,16.6,4.60,4.1,3.6,0.5,27.4,390
19-652,"Chicken wings, marinated, meat and skin, barbecued, weighed with bone",MR,745,179,10.8,3.00,2.7,2.3,0.3,17.8,250
18-308,"Chicken, breast, casseroled, meat and skin",MCA,772,184,8.5,2.40,0.0,0.0,,26.9,60
18-309,"Chicken, breast, casseroled, meat and skin, weighed with bone",MCA,693,165,7.6,2.10,0.0,0.0,,24.2,55
18-307,"Chicken, breast, casseroled, meat only",MCA,675,160,5.2,1.50,0.0,0.0,0.0,28.4,60
18-324,"Chicken, breast, grilled with skin, meat only",MCA,621,147,3.1,0.90,0.0,0.0,,29.8,60
18-323,"Chicken, breast, grilled without skin, meat only",MCA,626,148,2.2,0.60,0.0,0.0,0.0,32.0,55
18-325,"Chicken, breast, grilled, meat and skin",MCA,728,173,6.4,0.90,0.0,0.0,,28.9,61
18-326,"Chicken, breast, strips, stir-fried in corn oil",MCA,677,161,4.6,N,0.0,0.0,0.0,29.7,61
18-299,"Chicken, corn-fed, raw, dark meat only",MCA,599,143,7.2,2.10,0.0,0.0,,19.5,80
18-300,"Chicken, corn-fed, raw, light meat only",MCA,496,118,2.8,0.80,0.0,0.0,,23.0,90
18-301,"Chicken, corn-fed, raw, meat only",MCA,541,129,4.8,1.40,0.0,0.0,,21.4,85
18-302,"Chicken, corn-fed, raw, skin only",MCA,2120,514,52.7,15.20,0.0,0.0,,10.1,50
18-343,"Chicken, corn-fed, roasted, dark meat only",MCA,772,185,9.8,2.80,0.0,0.0,,24.0,95
18-344,"Chicken, corn-fed, roasted, light meat only",MCA,595,141,4.2,1.20,0.0,0.0,,25.8,90
18-345,"Chicken, corn-fed, roasted, meat only",MCA,690,164,7.2,2.10,0.0,0.0,,24.9,90
18-289,"Chicken, dark meat, raw",MCA,459,109,2.8,0.80,0.0,0.0,0.0,20.9,90
18-329,"Chicken, dark meat, roasted",MCA,819,196,10.9,2.89,0.0,0.0,0.0,24.4,100
18-311,"Chicken, drumsticks, casseroled, meat and skin",MCA,905,217,14.2,3.80,0.0,0.0,0.0,22.3,75
18-312,"Chicken, drumsticks, casseroled, meat and skin, weighed with bone",MCA,587,141,9.2,2.60,0.0,0.0,,14.5,50
18-310,"Chicken, drumsticks, casseroled, meat only",MCA,772,185,9.7,2.60,0.0,0.0,,24.3,70
18-335,"Chicken, drumsticks, roasted, meat and skin",MCA,775,185,9.1,2.50,0.0,0.0,0.0,25.8,130
18-336,"Chicken, drumsticks, roasted, meat and skin, weighed with bone",MCA,486,116,5.7,1.50,0.0,0.0,,16.2,80
18-334,"Chicken, drumsticks, roasted, meat only",MCA,640,152,5.1,1.40,0.0,0.0,,26.6,170
18-314,"Chicken, leg quarter, casseroled, meat and skin",MCA,904,217,13.9,3.80,0.0,0.0,,22.9,70
18-315,"Chicken, leg quarter, casseroled, meat and skin, weighed with bone",MCA,570,137,8.8,2.40,0.0,0.0,,14.4,45
18-313,"Chicken, leg quarter, casseroled, meat only",MCA,736,176,8.4,2.30,0.0,0.0,,25.0,75
18-293,"Chicken, leg quarter, raw, meat and skin",MCA,803,193,13.3,3.60,0.0,0.0,,18.3,80
18-294,"Chicken, leg quarter, raw, meat and skin, weighed with bone",MCA,555,133,9.2,2.50,0.0,0.0,,12.6,55
18-337,"Chicken, leg quarter, roasted, meat and skin",MCA,981,236,16.9,4.60,0.0,0.0,,20.9,95
18-338,"Chicken, leg quarter, roasted, meat and skin, weighed with bone",MCA,500,120,8.6,2.30,0.0,0.0,,10.7,50
18-290,"Chicken, light meat, raw",MCA,449,106,1.1,0.30,0.0,0.0,0.0,24.0,60
18-330,"Chicken, light meat, roasted",MCA,645,153,3.6,1.02,0.0,0.0,0.0,30.2,60
18-488,"Chicken, meat, average, raw",MCA,457,108,2.1,0.60,0.0,0.0,0.0,22.3,77
18-331,"Chicken, meat, average, roasted",MCA,742,177,7.5,2.10,0.0,0.0,0.0,27.3,80
18-327,"Chicken, portions, not coated, deep-fried, meat and skin",MCA,1079,259,16.8,4.60,0.0,0.0,,26.9,150
18-328,"Chicken, portions, not coated, deep-fried, meat and skin, weighed with bone",MCA,745,179,11.6,3.20,0.0,0.0,,18.6,110
18-316,"Chicken, skin, casseroled",MCA,1680,407,39.3,11.00,0.0,0.0,,13.4,55
18-292,"Chicken, skin, raw",MCA,1953,474,48.3,13.60,0.0,0.0,,9.7,50
18-332,"Chicken, skin, roasted/grilled, dry",MCA,2070,501,46.1,12.90,0.0,0.0,0.0,21.5,80
18-333,"Chicken, skin, roasted/grilled, moist",MCA,1867,452,42.6,12.00,0.0,0.0,,17.0,80
19-569,"Chicken, stir-fried with mushrooms and cashew nuts, homemade",MR,671,160,7.0,1.31,4.8,2.2,0.9,18.4,322
19-570,"Chicken, stir-fried with peppers in black bean sauce, homemade",MR,523,124,4.2,N,2.7,2.4,N,19.0,366
19-521,"Chicken, stir-fried with rice and vegetables, retail, reheated",MR,554,132,4.6,N,17.1,3.9,N,6.5,N
18-317,"Chicken, thighs, casseroled, meat and skin",MCA,969,233,16.3,4.40,0.0,0.0,,21.5,70
18-318,"Chicken, thighs, casseroled, meat and skin, weighed with bone",MCA,802,193,13.5,3.70,0.0,0.0,,17.8,60
18-319,"Chicken, thighs, casseroled, meat only, diced",MCA,756,180,8.6,2.40,0.0,0.0,,25.6,40
18-303,"Chicken, whole, corn-fed, raw, meat and skin",MCA,908,218,15.9,4.60,0.0,0.0,,18.8,80
18-304,"Chicken, whole, corn-fed, raw, meat and skin, weighed with bone",MCA,589,142,10.3,3.00,0.0,0.0,,12.2,50
18-346,"Chicken, whole, corn-fed, roasted, meat and skin",MCA,896,215,13.2,3.80,0.0,0.0,,24.0,90
18-347,"Chicken, whole, corn-fed, roasted, meat and skin, weighed with bone",MCA,537,129,7.9,2.70,0.0,0.0,,14.4,55
18-297,"Chicken, whole, raw, meat and skin",MCA,835,201,13.8,3.80,0.0,0.0,,19.1,70
18-298,"Chicken, whole, raw, meat and skin, weighed with bone",MCA,544,131,9.0,2.50,0.0,0.0,,12.4,45
18-341,"Chicken, whole, roasted, meat and skin",MCA,910,218,12.5,3.40,0.0,0.0,0.0,26.3,80
18-342,"Chicken, whole, roasted, meat and skin, weighed with bone",MCA,575,138,7.9,2.20,0.0,0.0,,16.6,50
18-321,"Chicken, wing quarter, casseroled, meat and skin",MCA,877,210,12.5,3.50,0.0,0.0,,24.4,60
18-322,"Chicken, wing quarter, casseroled, meat and skin, weighed with bone",MCA,588,141,8.4,2.30,0.0,0.0,,16.3,40
18-320,"Chicken, wing quarter, casseroled, meat only",MCA,690,164,6.3,1.70,0.0,0.0,,26.9,65
18-295,"Chicken, wing quarter, raw, meat and skin",MCA,804,193,12.4,3.50,0.0,0.0,,20.3,60
18-296,"Chicken, wing quarter, raw, meat and skin, weighed with bone",MCA,531,127,8.2,2.30,0.0,0.0,,13.4,40
18-339,"Chicken, wing quarter, roasted, meat and skin",MCA,943,226,14.1,3.90,0.0,0.0,,24.8,100
18-340,"Chicken, wing quarter, roasted, meat and skin, weighed with bone",MCA,500,120,7.5,2.10,0.0,0.0,,13.1,55
19-469,"Chicken/turkey pasties/slices, puff pastry",MI,1205,289,18.5,9.17,23.9,1.2,2.9,8.1,360
18-503,"Chicken/turkey pieces, coated, baked",MCA,1073,256,13.9,2.11,19.6,1.1,2.3,14.4,360
13-586,"Chicory, pale variety, boiled in unsalted water",DG,31,7,0.3,0.10,2.1,0.5,N,0.6,1
13-225,"Chicory, pale variety, raw",DG,45,11,0.6,0.20,2.8,0.7,N,0.5,1
19-478,"Chilli con carne, homemade",MR,500,120,7.5,2.90,4.4,2.9,N,9.2,101
19-208,"Chilli con carne, retail, reheated",MR,404,96,4.3,1.90,7.1,2.7,,7.7,310
19-527,"Chilli con carne, retail, reheated, with rice",MR,491,116,2.7,1.17,18.1,1.6,N,5.8,188
13-873,Chilli powder,H,N,N,14.3,2.46,N,7.2,34.8,13.5,4000
17-719,Chilli sauce,WC,169,40,0.8,Tr,7.3,6.9,2.2,1.3,1250
15-719,"Chilli, bean and lentil, homemade",DR,387,92,2.5,0.23,13.2,3.5,N,5.3,41
15-720,"Chilli, Quorn, homemade",DR,350,83,3.6,0.39,6.9,3.5,N,5.3,101
15-640,"Chilli, vegetable, homemade",DR,210,49,0.8,0.14,8.6,3.8,N,2.5,127
13-813,Chinese 5 spice,H,N,N,8.7,N,N,N,N,9.5,63
16-011,"Chital, raw",JA,378,90,1.9,N,0.0,0.0,,18.1,34
13-887,"Chives, fresh",H,112,27,0.7,0.15,1.9,1.9,2.5,3.3,3
15-721,"Cho cho fritters, fried in rapeseed oil, homemade",DR,803,192,12.4,2.14,16.6,2.9,0.7,4.7,49
13-228,"Cho cho, boiled in unsalted water",DG,59,14,0.1,Tr,2.9,2.5,,0.5,4
13-227,"Cho cho, raw",DG,74,17,0.1,Tr,3.7,3.1,,0.7,5
17-658,Chocolate covered bar with caramel and cereal,SEA,2102,501,25.8,16.26,66.2,46.4,1.9,5.2,161
17-657,Chocolate covered caramel and biscuit fingers,SEA,2079,495,23.6,13.52,70.0,45.4,2.5,5.0,191
11-812,Chocolate covered wafer biscuit,AM,2130,509,28.6,17.50,61.1,45.1,2.7,5.5,90
17-687,Chocolate nut spread,SC,2294,549,33.0,9.34,60.5,59.7,3.0,6.2,50
12-518,Chocolate nut sundae,BP,1136,271,15.0,8.94,33.5,29.9,N,2.6,36
17-659,Chocolate spread,SC,2402,575,37.7,8.13,59.4,59.4,2.0,3.3,58
17-650,"Chocolate, dark, with crème or mint fondant centres",SEA,1816,431,16.3,9.80,71.9,62.9,4.7,3.7,6
17-690,"Chocolate, fancy and filled",SEA,1878,447,21.3,11.30,62.9,60.0,N,4.9,88
17-648,"Chocolate, milk",SEA,2171,519,31.1,18.71,56.0,56.0,2.3,7.3,89
17-491,"Chocolate, plain",SEA,2137,510,28.0,16.80,63.5,62.6,N,5.0,6
17-091,"Chocolate, white",SEA,2212,529,30.9,18.40,58.3,58.3,N,8.0,110
19-516,Chorizo,MI,1638,395,32.2,12.00,2.4,1.1,1.0,24.0,1400
11-1050,"Choux buns, homemade",AP,1638,395,34.1,18.23,17.9,0.9,0.8,5.3,122
19-519,"Chow mein, beef, retail, reheated",MR,571,136,6.0,1.30,14.7,2.4,1.8,6.7,200
19-321,"Chow mein, chicken, takeaway",MR,614,147,7.2,1.17,12.7,0.3,1.5,8.5,466
19-614,"Chow mein, pork and chicken, homemade",MR,305,72,1.9,0.76,5.8,1.5,N,9.2,362
17-784,"Chutney, apple, homemade",WCG,810,190,0.2,Tr,49.2,48.4,0.7,0.8,11
17-343,"Chutney, mango, sweet",WE,806,189,0.1,Tr,48.3,45.7,N,0.7,1300
17-345,"Chutney, tomato",WCG,542,128,0.2,Tr,31.0,28.1,1.4,1.2,410
17-785,"Chutney, tomato, homemade",WE,704,166,0.2,0.02,40.8,40.2,N,1.0,8
17-222,"Cider, dry",QC,152,36,0.0,0.00,2.6,2.6,0.0,Tr,7
17-223,"Cider, low alcohol",QC,74,17,0.0,0.00,3.6,3.6,0.0,Tr,3
17-822,"Cider, strong",QC,285,68,0.0,0.00,7.3,7.3,0.0,Tr,2
17-224,"Cider, sweet",QC,176,42,0.0,0.00,4.3,4.3,0.0,Tr,7
13-874,"Cinnamon, ground",H,N,N,1.2,0.35,N,2.2,53.1,4.0,10
14-326,"Citrus fruit, soft/easy peelers, flesh only",FA,173,41,0.2,0.04,9.6,9.6,1.5,0.7,1
14-348,"Citrus fruit, soft/easy peelers, flesh only, weighed with peel and pips",FA,136,32,0.2,0.03,7.5,7.5,1.2,0.5,1
13-816,"Cloves, dried",H,N,N,20.1,4.40,N,N,,6.0,240
16-252,"Cockles, boiled",JM,226,53,0.6,0.20,Tr,Tr,0.0,12.0,490
15-722,"Coco fritters, fried in rapeseed oil, homemade",DR,1341,322,22.5,N,26.1,0.9,N,4.7,213
17-002,Cocoa butter,OE,3682,896,99.5,59.00,0.0,0.0,,Tr,Tr
12-545,Cocoa powder,BH,1301,312,21.7,12.80,11.5,Tr,N,18.5,N
12-563,"Cocoa powder, made up with semi-skimmed milk",BH,244,58,2.0,1.27,6.7,6.5,N,3.7,41
12-564,"Cocoa powder, made up with skimmed milk",BH,194,46,0.6,0.36,6.7,6.5,N,3.7,42
12-565,"Cocoa powder, made up with whole milk",BH,311,74,3.9,2.44,6.6,6.3,N,3.6,41
17-786,"Coconut ice, homemade",SEC,1559,369,12.3,10.54,67.1,67.1,N,1.8,17
14-820,Coconut milk,GA,95,22,0.3,0.20,4.9,4.9,,0.3,110
14-890,"Coconut milk, reduced fat, retail",GA,328,79,7.7,6.35,2,1.1,0.1,0.7,Tr
14-889,"Coconut milk, retail",GA,697,169,16.9,14.64,3.3,2,0.4,1.1,Tr
14-873,"Coconut, desiccated",GA,2492,604,62.0,53.40,6.4,6.4,N,5.6,28
14-816,"Coconut, flesh only, fresh",GA,1446,351,36.0,31.39,3.7,3.7,,3.2,17
16-490,"Cod, dried, salted, boiled",JA,586,138,0.9,0.20,0.0,0.0,0.0,32.5,400
16-373,"Cod, flesh only, baked",JA,425,100,0.5,0.12,0.0,0.0,0.0,23.9,91
16-465,"Cod, flesh only, baked, weighed with bones and skin",JA,377,89,0.4,0.11,0.0,0.0,0.0,21.3,81
16-466,"Cod, flesh only, grilled",JA,448,106,0.8,0.23,0.0,0.0,0.0,24.6,128
16-374,"Cod, flesh only, microwaved",JA,414,98,0.4,0.08,0.0,0.0,0.0,23.5,108
16-015,"Cod, flesh only, poached in milk, butter and salt added",JA,396,94,1.1,0.30,Tr,Tr,,20.9,110
16-016,"Cod, flesh only, poached in milk, butter and salt added, weighed with bones and skin",JA,345,81,1.0,0.30,Tr,Tr,,18.2,96
16-372,"Cod, flesh only, raw",JA,320,75,0.6,0.16,0.0,0.0,0.0,17.5,91
16-491,"Cod, flesh only, salted and smoked, raw",JA,333,79,0.6,0.10,0.0,0.0,0.0,18.3,500
16-467,"Cod, flesh only, steamed",JA,417,98,0.8,0.21,0.0,0.0,0.0,22.8,127
16-468,"Cod, flesh only, steamed, weighed with bones and skin",JA,364,86,0.7,0.18,0.0,0.0,0.0,19.9,110
16-369,"Cod, in batter, baked",JA,961,229,11.8,1.71,19.7,2,1.5,12.3,424
16-427,"Cod, in batter, fried in dripping, takeaway",JA,1001,240,14.7,8.21,10.7,1.0,0.5,16.8,175
16-426,"Cod, in batter, fried in rapeseed oil",JA,1189,285,17.9,2.12,19.5,1.4,1.5,12.6,424
16-428,"Cod, in batter, fried in sunflower oil, takeaway",J,1001,240,14.7,1.72,19.5,1.0,0.5,16.8,175
16-368,"Cod, in batter, fried, takeaway",JA,1001,240,14.7,7.58,10.7,1.0,0.5,16.8,175
16-370,"Cod, in breadcrumbs, baked",JA,858,204,8.3,1.33,19.8,0.9,1.9,13.7,330
17-163,"Coffee and chicory essence, with water",PA,40,9,Tr,0.00,2.4,2.3,0.0,0.1,3
17-632,"Coffee, cappuccino, latte",P,114,27,0.8,0.52,3.2,2.4,0.0,2.0,25
17-833,"Coffee, infusion, average",PAC,8,2,Tr,Tr,0.3,0.3,0.0,0.2,Tr
17-157,"Coffee, infusion, average, with semi-skimmed milk",PAC,29,7,0.2,0.10,0.7,0.7,,0.6,7
17-155,"Coffee, infusion, average, with single cream",PAC,56,14,1.2,0.70,0.3,0.3,,0.4,3
17-156,"Coffee, infusion, average, with whole milk",PAC,31,7,0.4,0.30,0.5,0.5,,0.5,6
17-153,"Coffee, infusion, strong",PAC,8,2,Tr,Tr,0.3,0.0,,0.2,1
17-154,"Coffee, infusion, weak",PAC,8,2,Tr,Tr,0.3,0.0,,0.2,Tr
17-159,"Coffee, instant, made up with water",PAC,2,Tr,Tr,0.00,Tr,0.0,,0.0,Tr
17-161,"Coffee, instant, made up with water and semi-skimmed milk",PAC,29,7,0.2,0.10,0.7,0.7,,0.6,8
17-160,"Coffee, instant, made up with water and whole milk",PAC,34,8,0.4,0.30,0.6,0.5,,0.5,7
17-594,"Coffee, Irish",PAC,516,125,8.8,5.44,2.7,2.5,,0.4,4
17-158,"Coffee, powder, instant",PAA,320,75,Tr,Tr,4.5,0.0,0.0,14.6,81
12-546,"Coffeemate, whitener powder",BAR,2202,534,34.5,26.00,57.3,9.4,0.0,2.1,400
17-175,Cola,PCA,174,41,0.0,0.00,10.9,10.9,0.0,Tr,5
17-505,"Cola, diet",PCA,2,1,0.0,0.00,Tr,Tr,0.0,Tr,5
13-229,"Cole leaves, dried, boiled in unsalted water",DG,78,19,0.8,0.10,1.2,0.9,,1.7,85
15-635,"Coleslaw, not low calorie, retail",DR,714,173,16.3,1.65,6.0,6.0,1.2,0.8,296
15-636,"Coleslaw, with reduced calorie dressing, retail",DR,456,110,9.1,0.73,6.5,6.5,1.6,0.9,197
16-429,"Coley, flesh only, baked",JA,469,111,1.5,0.27,0.0,0.0,0.0,24.4,92
16-430,"Coley, flesh only, grilled",JA,446,105,1.4,0.25,0.0,0.0,0.0,27.2,88
16-431,"Coley, flesh only, poached",JA,481,114,1.5,0.27,0.0,0.0,0.0,25.0,95
16-383,"Coley, flesh only, raw",JA,347,82,1.1,0.20,0.0,0.0,0.0,18.0,68
16-469,"Coley, flesh only, steamed",JA,443,105,1.4,0.25,0.0,0.0,0.0,23.0,87
16-501,"Coley, flesh only, steamed, weighed with bones and skin",JA,403,95,1.3,0.23,0.0,0.0,0.0,20.9,79
17-729,"Complan powder, original and sweet",PAA,1846,438,14.7,6.50,64.8,42.8,Tr,15.6,190
17-730,"Complan powder, savoury",PAA,1852,439,15.6,6.62,62.5,6.2,0.2,16.1,900
12-566,"Complan powder, savoury, made up with water",BH,411,97,3.5,1.47,13.9,1.4,0.0,3.6,200
12-568,"Complan powder, sweet, made up with semi-skimmed milk",BH,557,132,4.5,2.26,17.8,13.0,Tr,6.1,75
12-569,"Complan powder, sweet, made up with skimmed milk",BH,517,122,3.4,1.52,17.9,13.1,Tr,6.1,76
12-567,"Complan powder, sweet, made up with water",BH,415,98,3.3,1.46,14.6,9.6,Tr,3.5,43
12-570,"Complan powder, sweet, made up with whole milk",BH,611,145,6.0,3.21,17.7,12.9,Tr,6.1,74
15-723,"Coo-coo, homemade",DR,412,99,1.8,0.64,17.7,N,N,2.4,9
12-501,"Cooking fat, compound, not polyunsaturated",BTM,3700,900,100.0,42.30,0.0,0.0,0.0,Tr,Tr
19-486,"Coq au vin, homemade",MR,783,188,11.0,4.19,3.3,0.4,0.2,11.0,154
19-571,"Coq au vin, homemade, weighed with bone",MR,627,150,9.0,3.42,2.7,0.3,0.2,9.0,154
13-818,"Coriander leaves, dried",H,1168,279,4.8,N,41.7,N,,21.8,210
13-888,"Coriander leaves, fresh",H,74,18,0.5,N,1.2,0.9,2.8,2.1,46
13-875,Coriander seeds,H,N,N,17.8,0.99,N,N,41.9,12.4,35
15-724,"Corn fritters, fried in rapeseed oil, homemade",DR,1201,287,15.2,2.65,32.9,4.9,2.5,5.8,144
15-725,"Corn pudding, homemade",DR,330,78,2.9,0.98,8.9,5.9,1.6,4.7,43
17-645,Corn snacks,SN,2199,526,30.4,2.76,60.8,5.5,1.3,6.0,909
19-572,"Corned beef hash, homemade",MR,592,141,5.9,3.26,12.3,1.9,1.3,10.5,321
19-128,"Corned beef, canned",MI,860,205,10.9,5.70,1.0,1.0,0.0,25.9,860
12-507,Cornetto type ice cream cone,BP,1225,292,14.4,11.04,39.6,27.9,1.2,3.5,90
19-573,"Cornish pasty, homemade",MR,1199,287,19.2,7.07,27.8,2.3,2.5,6.7,131
19-466,"Cornish pasty, retail",MR,1161,278,17.8,8.53,24.0,2.1,2.9,7.0,470
11-011,"Cornmeal, sifted",AA,1540,368,3.3,,73.1,N,,9.4,Tr
19-477,"Coronation chicken, homemade",MR,1500,362,31.4,3.25,3.5,3.4,0.2,16.6,122
19-574,"Coronation chicken, reduced fat, homemade",MR,898,216,14.8,2.00,4.2,2.9,0.2,16.6,N
13-628,"Courgette, boiled in unsalted water",DG,62,15,0.3,0.08,1.8,1.7,0.8,1.3,Tr
13-668,"Courgette, dried",DI,1188,280,3.6,0.9,41.2,39.4,9,23.3,Tr
13-414,"Courgette, fried in butter",DG,265,63,4.8,3.10,2.6,2.5,,2.6,1
13-232,"Courgette, fried in corn oil",DG,265,63,4.8,0.60,2.6,2.5,N,2.6,1
13-587,"Courgette, fried in rapeseed oil",DG,265,63,4.8,0.39,2.6,2.5,,2.6,1
13-627,"Courgette, raw",DG,66,16,0.2,0.05,2.3,2.2,0.5,1.3,Tr
13-629,"Courgette, roasted in rapeseed oil",DG,162,39,1.9,0.16,3.55,3.4,0.77,2,Tr
15-726,"Courgettes with eggs, homemade",DR,462,112,9.7,1.66,2.2,2.0,N,3.9,28
11-902,"Couscous, plain, cooked",AT,759,178,1.0,0.18,37.5,1.0,2.2,7.2,4
11-901,"Couscous, plain, raw",AT,1549,364,2.1,0.30,79.2,2.3,3.7,12.0,4
16-391,"Crab, brown meat, purchased cooked",JK,608,145,7.8,1.26,Tr,Tr,0.0,18.8,351
16-452,"Crab, canned in brine, drained",JK,326,77,0.5,0.10,Tr,Tr,0.0,18.1,550
16-441,"Crab, purchased cooked",JK,484,115,4.1,0.65,Tr,Tr,0.0,19.7,337
16-470,"Crab, white and brown meat, purchased cooked, weighed with shell",JK,213,51,1.8,0.29,Tr,Tr,0.0,8.6,148
16-392,"Crab, white meat, purchased cooked",JK,360,85,0.3,0.04,Tr,Tr,0.0,20.5,322
11-1134,"Crackers, wholemeal, homemade",AM,1781,421,10.5,3.38,76.7,0.8,5.4,9.8,161
14-073,Cranberries,FA,65,15,0.1,Tr,3.4,3.4,,0.4,2
17-744,Cranberry fruit juice drink,PE,194,45,0.0,0.00,12.1,12.1,Tr,Tr,Tr
16-235,"Crayfish, raw",JK,283,67,0.8,0.10,0.0,0.0,,14.9,150
11-820,Cream crackers,AM,1874,445,16.4,7.38,69.7,1.5,3.9,8.9,384
17-358,Cream of tartar,WY,1005,239,0.0,0.00,0.0,0.0,,0.0,0
12-342,"Cream substitute, double",BJS,1423,345,35.7,24.34,3.6,3.6,0.2,2.6,47
12-544,"Cream substitute, single",BJS,654,158,14.5,9.19,4.0,4.0,N,3.1,61
12-337,"Cream, dairy, extra thick (24% fat)",BJC,973,236,23.5,15.25,3.4,3.4,0.0,2.9,29
12-338,"Cream, dairy, UHT, canned spray, 85% cream",BJP,1043,252,24.2,15.20,7.2,7.2,0.0,1.9,31
12-339,"Cream, dairy, UHT, half fat, canned spray",BJP,811,196,17.3,10.87,7.6,7.4,0.0,2.8,35
12-592,"Cream, fresh, clotted",BJC,2413,586,63.5,39.70,2.3,2.3,0.0,1.6,18
12-334,"Cream, fresh, double, including Jersey cream",BJC,2041,496,53.7,33.39,1.7,1.7,0.0,1.6,22
12-332,"Cream, fresh, single",BJC,798,193,19.1,12.15,2.2,2.2,0.0,3.3,29
12-333,"Cream, fresh, whipping",BJC,1568,381,40.3,25.23,2.7,2.7,0.0,2.0,25
12-112,"Cream, half, fresh",BJC,613,148,13.3,8.30,4.3,4.3,,3.0,49
12-571,"Crème caramel, homemade",BR,667,157,3.3,1.23,28.7,28.7,0.0,5.1,64
12-397,"Creme caramel, retail",BR,440,104,1.6,0.89,20.6,18.0,N,3.0,70
17-763,Creme egg,SEA,1792,425,15.9,9.70,71.0,58.0,N,4.0,63
12-335,"Creme fraiche, full fat",BJC,1556,378,40.0,27.10,2.4,2.1,0.0,2.2,22
12-336,"Creme fraiche, half fat",BJC,671,162,15.0,10.16,4.4,3.0,0.0,2.7,36
11-822,"Crispbread, rye",AM,1210,284,1.4,0.16,63.4,3.4,20.0,8.6,264
11-988,Croissants,AG,1563,373,19.7,9.76,43.3,5.3,3.1,8.3,330
11-1055,"Crumble, apple, homemade",AS,845,201,6.4,2.09,35.0,23.4,0.8,1.7,64
11-1056,"Crumble, fruit, homemade",AS,823,195,6.4,2.10,34.5,21.1,N,2.0,65
11-1020,"Crumble, fruit, retail",AS,924,219,8.3,3.97,36.0,21.8,2.3,2.4,82
11-994,"Crumble, fruit, wholemeal, homemade",AS,834,198,7.3,4.37,32.7,21.3,N,2.5,63
15-729,"Crumble, vegetable, with tinned tomatoes, homemade",DR,730,174,9.6,2.31,20.1,4.9,N,3.1,69
15-730,"Crumble, vegetable, with tinned tomatoes, wholemeal, homemade",DR,709,170,9.7,2.28,18.1,5.0,N,3.6,69
15-727,"Crumble, vegetable, with white sauce, homemade",DR,692,165,7.9,2.70,19.6,4.0,1.9,4.9,82
15-728,"Crumble, vegetable, with white sauce, wholemeal, homemade",DR,719,171,7.9,2.66,20.8,4.6,N,5.4,148
11-1057,"Crumble, with pie filling, homemade",AS,872,207,6.6,N,37.2,19.4,0.7,1.9,96
11-989,"Crumpets, toasted",AP,881,207,1.0,0.10,45.4,3.1,3.1,6.9,1029
13-523,"Cucumber, raw, flesh and skin",DG,60,14,0.6,N,1.2,1.2,0.7,1.0,4
13-889,Cumin seeds,H,N,N,22.3,1.54,N,2.3,10.5,17.8,168
13-649,"Curly kale, boiled in unsalted water",DG,110,26,1.3,0.24,1,0.9,3.5,2.7,6
13-234,"Curly kale, raw",DG,140,33,1.6,0.20,1.4,1.3,N,3.4,43
11-1009,"Currant buns, retail",AF,1185,280,5.6,1.86,52.6,16.0,2.9,8.0,230
11-948,"Currant buns, toasted",AP,1316,311,6.2,2.07,58.4,17.8,3.2,8.9,260
14-074,Currants,FA,1139,267,0.4,N,67.8,67.8,,2.3,14
13-821,"Curry leaves, fresh",H,409,97,1.3,N,13.3,N,,7.9,N
17-720,Curry paste,WC,1049,253,21.3,N,11.3,7.0,6.8,4.7,1520
13-876,Curry powder,H,979,233,10.8,N,26.1,N,N,9.5,450
13-823,"Curry powder, mixed flavours",H,1325,316,13.9,N,34.7,N,,13.0,400
15-731,"Curry, almond, homemade",DR,1354,328,33.4,14.15,3.3,1.1,N,5.7,51
19-547,"Curry, beef and spinach, homemade",MR,394,94,4.4,1.28,3.6,2.8,N,11.4,36
19-549,"Curry, beef, homemade",MR,870,209,15.4,2.61,1.2,0.6,N,17.7,57
19-472,"Curry, beef, reduced fat, homemade",MR,583,139,7.1,2.26,1.3,0.7,1.0,18.8,64
19-488,"Curry, beef, retail, reheated",MR,575,137,6.6,3.10,6.3,4.5,2.4,13.5,190
19-529,"Curry, beef, retail, reheated, with rice",MR,621,147,4.6,1.90,18.2,2.6,1.8,9.5,173
15-627,"Curry, bhindi subji, homemade",DR,298,71,4.6,0.40,4.9,4.4,7.2,2.9,437
15-735,"Curry, black gram, whole and red kidney bean, homemade",DR,394,94,5.0,0.36,8.4,1.2,N,4.5,26
15-736,"Curry, black gram, whole, Bengali, homemade",DR,318,76,2.8,1.62,8.5,1.6,N,4.4,33
15-737,"Curry, black gram, whole, Gujerati, homemade",DR,645,154,6.7,3.96,15.3,2.5,N,8.4,71
15-738,"Curry, black-eye bean, homemade",DR,588,139,4.4,0.44,18.4,1.0,N,8.1,23
15-095,"Curry, black-eye bean, Punjabi, homemade",DR,469,111,4.0,2.50,13.7,1.1,,6.0,N
15-739,"Curry, Bombay potato, homemade",DR,492,118,6.7,0.48,13.8,1.2,1.9,1.8,16
15-740,"Curry, cabbage, masala, homemade",DR,344,83,4.9,0.33,8.1,6.4,3.2,1.7,25
15-741,"Curry, cauliflower and potato, homemade",DR,251,60,2.0,0.19,6.7,2.7,2.1,2.6,13
15-742,"Curry, chick pea dahl and spinach, with butter, homemade",DR,757,182,12.0,6.69,12.9,0.9,N,6.4,135
15-743,"Curry, chick pea dahl and spinach, with vegetable oil, homemade",DR,837,201,14.2,0.98,12.8,0.9,N,6.3,44
15-641,"Curry, chick pea dhal, homemade",DR,639,152,6.1,0.68,17.8,1.9,N,7.9,32
15-748,"Curry, chick pea, UK type, homemade",DR,458,109,3.5,0.28,14.3,2.7,N,5.9,12
15-745,"Curry, chick pea, whole and potato, homemade",DR,500,119,5.4,0.72,12.6,2.1,N,5.9,17
15-746,"Curry, chick pea, whole and tomato, Gujerati, with butter ghee, homemade",DR,991,237,14.4,7.63,20.1,3.8,N,7.7,15
15-747,"Curry, chick pea, whole and tomato, Gujerati, with vegetable oil, homemade",DR,992,238,14.7,1.03,20.1,3.8,N,7.7,15
15-107,"Curry, chick pea, whole and tomato, Punjabi, with butter, homemade",DR,450,107,4.3,2.00,12.4,1.1,,5.6,N
15-108,"Curry, chick pea, whole and tomato, Punjabi, with vegetable oil, homemade",DR,473,112,4.9,0.50,12.4,1.1,,5.6,N
15-744,"Curry, chick pea, whole, Gujerati type, homemade",DR,771,183,7.6,0.59,21.8,1.2,N,9.7,43
19-449,"Curry, chicken balti, retail",MR,441,105,5.0,0.89,4.8,3.5,2.0,10.5,258
19-565,"Curry, chicken korma, homemade",MR,530,127,5.1,1.15,4.6,2.8,0.7,14.6,68
19-540,"Curry, chicken tandoori, retail, reheated",MR,897,214,10.8,3.30,2.0,1.0,0.8,27.4,N
19-296,"Curry, chicken tikka masala, retail, reheated",MIG,652,156,9.8,3.30,4.9,3.6,1.4,12.4,220
19-567,"Curry, chicken vindaloo, homemade",MR,799,192,12.5,1.19,2.6,1.7,0.7,18.5,65
19-568,"Curry, chicken vindaloo, reduced fat, homemade",MR,509,121,4.1,0.42,2.7,1.8,N,19.6,68
19-520,"Curry, chicken, average, retail, reheated",MR,621,149,8.9,4.00,5.4,4.4,1.5,12.1,240
19-528,"Curry, chicken, average, retail, reheated with rice",MR,648,154,5.8,2.34,18.2,2.4,1.3,8.5,200
19-322,"Curry, chicken, average, takeaway",MR,603,145,9.8,2.87,2.5,1.2,2.2,11.7,356
19-534,"Curry, chicken, made with cook-in sauce",MR,604,144,5.4,1.00,5.5,3.9,1.5,18.6,246
19-465,"Curry, chicken, Thai green, takeaway and restaurant",MR,496,119,8.7,5.29,1.5,0.5,2.6,8.8,550
15-749,"Curry, courgette and potato, homemade",DR,401,96,5.9,0.35,9.6,1.8,N,1.8,2
15-774,"Curry, dudhi, kofta, homemade",DR,466,111,6.9,1.87,9.3,N,N,2.6,4
15-750,"Curry, egg and potato, homemade",DR,576,138,9.3,1.58,6.5,1.5,1.1,7.5,83
15-752,"Curry, egg, in sweet sauce, UK type, homemade",DR,469,112,7.3,1.90,5.9,3.4,N,6.3,67
15-753,"Curry, egg, with butter, homemade",DR,561,135,10.6,5.56,4.7,3.4,1.4,5.4,130
15-754,"Curry, egg, with rapeseed oil, homemade",DR,619,149,12.2,1.46,4.7,3.3,1.4,5.3,65
16-462,"Curry, fish and vegetable, Bangladeshi, homemade",J,490,118,8.7,N,1.4,1.1,N,9.1,N
16-446,"Curry, fish, Bangladeshi, homemade",JR,520,125,8.0,0.78,1.5,1.2,0.8,12.4,N
16-364,"Curry, fish, homemade",JR,578,139,9.6,1.72,1.9,1.9,2.1,11.3,430
15-755,"Curry, green bean, masala, homemade",DR,539,130,12.5,0.87,4.4,2.6,3.1,1.7,14
16-455,"Curry, haddock, Bengali, homemade",JR,1088,263,22.0,13.78,4.2,3.2,1.1,11.4,240
16-456,"Curry, herring, Bengali, homemade",JR,1352,327,29.6,15.89,4.2,3.2,1.1,11.4,271
15-756,"Curry, karela, homemade",DR,460,111,9.7,1.38,4.6,3.3,1.2,1.6,2
19-591,"Curry, lamb biryani, homemade",MR,817,195,9.2,1.79,20.9,2.0,N,7.1,21
19-592,"Curry, lamb biryani, reduced fat, homemade",MR,634,150,3.7,1.28,21.9,2.0,N,7.4,20
19-595,"Curry, lamb rogan josh, homemade",MR,624,149,9.1,3.58,3.9,3.0,1.8,14.4,44
19-599,"Curry, lamb vindaloo, homemade",MR,833,199,12.9,5.06,2.7,1.8,0.9,19.8,59
19-535,"Curry, lamb, made with cook-in sauce",MR,1008,242,17.7,7.13,5.5,3.9,1.5,15.5,231
15-757,"Curry, lentil, red/masoor dahl and mung bean dahl, homemade",DR,487,116,6.7,0.48,10.1,0.9,N,4.8,18
15-758,"Curry, lentil, red/masoor dahl and tomato, Punjabi, homemade",DR,391,93,5.5,2.41,8.5,2.4,N,3.2,18
15-759,"Curry, lentil, red/masoor dahl and tomato, with butter, homemade",DR,435,104,5.3,3.18,10.6,1.1,N,4.3,57
15-760,"Curry, lentil, red/masoor dahl and tomato, with vegetable oil, homemade",DR,473,113,6.3,0.45,10.6,1.1,N,4.3,13
15-761,"Curry, lentil, red/masoor dahl and vegetable, UK type, homemade",DR,470,112,3.8,0.30,14.8,2.4,N,5.7,12
15-125,"Curry, lentil, red/masoor dahl, mung bean dahl and tomato, homemade",DR,387,92,4.3,0.50,9.7,0.8,,4.4,N
15-762,"Curry, lentil, red/masoor dahl, Punjabi, homemade",DR,591,141,4.6,0.35,19.3,3.9,N,7.2,55
15-763,"Curry, lentil, red/masoor dahl, with butter, homemade",DR,678,161,6.6,3.93,19.3,2.2,N,7.6,74
15-764,"Curry, lentil, red/masoor dahl, with vegetable oil, homemade",DR,725,173,7.9,0.57,19.2,2.2,N,7.6,20
15-765,"Curry, lentil, whole/masoor, Gujerati, homemade",DR,578,137,5.3,3.63,17.0,3.1,N,6.5,56
15-766,"Curry, lentil, whole/masoor, Punjabi, homemade",DR,620,148,8.3,0.58,13.9,1.4,N,5.7,26
15-767,"Curry, mung bean dahl and spinach, homemade",DR,429,102,2.9,0.30,12.3,3.0,N,7.8,153
15-132,"Curry, mung bean dahl and tomato, homemade",DR,403,95,3.6,0.40,11.2,0.8,,5.6,N
15-768,"Curry, mung bean dahl, Bengali, homemade",DR,311,74,3.4,2.03,7.4,0.5,N,4.2,43
15-769,"Curry, mung bean, whole and turnip leaves, homemade",DR,700,169,14.4,7.49,6.2,0.3,N,4.4,99
15-771,"Curry, mung bean, whole, Gujerati, homemade",DR,528,126,5.9,0.45,13.2,2.5,N,6.0,6
15-490,"Curry, mung bean, whole, Punjabi, homemade",DR,312,74,2.8,1.64,8.8,1.0,,4.2,231
15-776,"Curry, pea and potato, homemade",DR,611,147,11.0,0.80,10.2,2.7,2.8,2.5,26
15-777,"Curry, pigeon pea dahl and tomato, homemade",DR,237,56,2.2,0.18,7.3,1.5,N,2.3,10
15-778,"Curry, pigeon pea dahl with tomatoes and peanuts, homemade",DR,510,121,3.3,0.48,16.9,1.0,N,6.9,11
15-779,"Curry, pigeon pea dahl, with butter, homemade",DR,455,108,4.7,2.66,13.5,2.1,N,4.6,58
15-780,"Curry, pigeon pea dahl, with vegetable oil, homemade",DR,487,116,5.5,0.42,13.5,2.1,N,4.6,22
15-781,"Curry, potato and pea, homemade",DR,387,92,3.7,0.28,13.0,3.7,3.1,2.7,30
15-782,"Curry, potato, Gujerati, homemade",DR,394,94,5.4,0.38,11.8,2.1,1.4,1.5,22
15-783,"Curry, potato, Punjabi, homemade",DR,396,94,4.0,2.45,13.8,2.4,2.0,1.8,49
16-457,"Curry, prawn and mushroom, homemade",J,677,164,14.3,1.01,2.7,1.7,1.1,5.7,73
16-365,"Curry, Prawn bhuna, takeaway",JR,497,120,8.7,1.40,1.8,1.2,2.5,8.6,321
16-366,"Curry, Prawn madras, takeaway",JR,479,115,8.3,1.40,2.5,1.2,2.4,7.8,301
16-333,"Curry, prawn, takeaway",JR,491,118,8.5,1.40,2.3,1.4,2.5,8.2,311
15-784,"Curry, red kidney and mung bean, whole, homemade",DR,636,153,12.1,3.04,7.6,0.4,N,3.9,37
15-785,"Curry, red kidney bean, Gujerati, homemade",DR,446,107,6.1,0.43,9.7,2.3,N,4.0,4
15-146,"Curry, red kidney bean, Punjabi, homemade",DR,448,106,5.6,0.60,10.1,1.2,,4.7,N
15-787,"Curry, spinach and potato, masala, homemade",DR,456,110,8.2,0.57,7.4,4.9,N,2.2,35
15-634,"Curry, Thai, stir-fry vegetable, takeaway and restaurant",DR,421,101,8.2,3.97,3.3,1.6,3.1,3.8,570
15-788,"Curry, tinda gourd and potato, homemade",DR,309,74,3.9,0.56,8.5,3.5,N,1.6,43
15-789,"Curry, vegetable, frozen mixed vegetables, homemade",DR,374,90,6.1,0.40,7.2,2.9,N,2.5,25
15-790,"Curry, vegetable, in sweet sauce, UK type, homemade",DR,216,51,2.1,0.51,7.3,3.9,N,1.3,9
15-791,"Curry, vegetable, Islami, homemade",DR,337,81,4.6,0.31,8.4,4.0,N,2.2,27
15-792,"Curry, vegetable, Pakistani, homemade",DR,267,64,2.6,0.90,9.2,3.9,N,2.3,23
15-619,"Curry, vegetable, ready meal, without rice, cooked",DR,392,94,6.0,1.89,8.4,3.4,1.8,2.1,200
15-892,"Curry, vegetable, retail, with rice",DR,526,125,4.1,1.16,20.2,1.9,1.5,3.0,177
15-793,"Curry, vegetable, West Indian, homemade",DR,251,60,4.0,0.37,4.1,2.1,N,2.4,54
15-794,"Curry, vegetable, with yogurt, UK type, homemade",DR,266,64,4.0,0.39,4.7,4.0,N,2.2,15
14-075,"Custard apple/Bullock's heart, flesh only",FA,298,70,0.4,N,16.1,14.9,,1.5,5
11-1138,Custard powder,AA,1508,354,0.7,0.10,92.0,Tr,N,0.6,378
12-572,"Custard, confectioners'",BR,649,153,3.8,1.52,24.8,19.0,0.3,6.6,74
12-573,"Custard, egg",BR,402,95,3.4,1.57,10.9,10.9,0.0,5.9,73
12-519,"Custard, made up with semi-skimmed milk",BR,403,95,2.0,1.24,16.4,11.2,Tr,4.0,67
12-574,"Custard, made up with skimmed milk",BR,345,81,0.3,0.16,16.5,11.3,Tr,4.0,69
12-575,"Custard, made up with whole milk",BR,484,114,4.2,2.64,16.3,11.1,Tr,4.0,67
12-543,"Custard, ready to eat, canned and tetra-pak",BR,414,98,2.9,1.89,16.3,12.8,Tr,2.7,41
16-254,"Cuttlefish, raw",JM,300,71,0.7,0.20,0.0,0.0,,16.1,370
16-038,"Dab, raw",JA,311,74,1.2,N,0.0,0.0,,15.7,77
13-484,"Dahl, mixed, homemade",DB,254,60,0.7,0.08,9.1,0.5,3.1,4.9,237
15-511,"Dal Dhokari, homemade",DR,521,123,3.3,0.51,19.2,1.2,,5.6,342
14-077,"Damsons, flesh and skin, raw",FA,162,38,Tr,Tr,9.6,9.6,,0.5,2
14-078,"Damsons, flesh and skin, raw, weighed with stones",FA,146,34,Tr,Tr,8.6,8.6,,0.5,2
14-079,"Damsons, stewed with sugar",FA,316,74,Tr,Tr,19.3,19.3,,0.4,1
14-080,"Damsons, stewed with sugar, weighed with stones",FA,288,68,Tr,Tr,17.6,17.6,,0.4,1
14-081,"Damsons, stewed without sugar",FA,147,34,Tr,Tr,8.7,8.7,,0.5,1
14-082,"Damsons, stewed without sugar, weighed with stones",FA,133,31,Tr,Tr,7.9,7.9,,0.4,1
14-394,"Dates, dried, flesh and skin",FA,1002,235,0.6,0.3,58.7,58,7.5,2.4,11
14-399,"Dates, dried, flesh and skin, weighed with stones",FA,841,197,0.5,0.25,49.3,48.7,6.3,2,9
14-083,"Dates, raw, flesh and skin",FA,530,124,0.1,Tr,31.3,31.3,N,1.5,7
14-084,"Dates, raw, flesh and skin, weighed with stones",FA,456,107,0.1,Tr,26.9,26.9,,1.3,6
12-398,"Desserts, dairy, chocolate",BR,896,214,10.7,6.26,26.7,24.0,Tr,4.3,74
19-576,"Devilled kidneys, homemade",MR,542,129,7.7,3.09,1.4,1.5,0.3,13.7,189
13-826,Dill seeds,H,N,N,14.5,0.70,N,N,,16.0,20
13-825,"Dill, dried",H,1057,253,4.4,N,42.2,37.6,,19.9,210
13-824,"Dill, fresh",H,107,25,0.8,N,0.9,0.8,,3.7,26
17-299,"Dips, sour-cream based, assorted flavours",WCG,1482,360,37.0,N,4.0,2.0,N,2.9,330
17-677,"Dips, sour-cream based, reduced fat",WCG,746,180,15.2,4.40,7.3,3.4,0.1,3.9,150
19-526,Doner kebab in pitta bread with salad,MR,1033,248,16.0,7.54,12.5,1.1,0.9,14.1,N
19-539,"Doner kebabs, meat only",MR,1561,377,31.4,14.98,0.0,0.0,0.0,23.5,N
15-513,"Dosa, filling, vegetable, homemade",DR,404,97,6.3,0.74,10.2,4.1,,1.8,446
11-850,"Doughnuts, ring, iced",AP,1728,413,25.7,14.14,42.3,16.2,2.7,5.8,326
11-849,"Doughnuts, with jam",AP,1352,321,13.1,4.96,48.4,20.3,1.7,5.4,404
16-039,"Dover sole, raw",JA,374,89,1.8,N,0.0,0.0,,18.1,100
17-715,"Dressing, blue cheese",WCG,1519,368,35.9,6.59,9.8,7.7,1.3,2.0,840
17-701,"Dressing, French",WCG,1384,335,32.2,N,11.7,6.7,0.5,0.3,600
17-716,"Dressing, French, fat free",WCG,141,33,Tr,Tr,8.7,8.6,0.5,0.1,1190
17-787,"Dressing, French, homemade",WC,2794,680,74.9,10.73,0.2,0.2,0.0,0.1,1
17-788,"Dressing, oil and lemon, homemade",WC,2683,652,72.4,4.79,3.4,3.4,0.1,0.1,Tr
17-717,"Dressing, thousand island",WCG,873,210,16.4,2.04,15.9,13.4,0.4,0.7,470
17-789,"Dressing, yogurt, homemade",WC,301,72,2.7,1.73,7.1,7.0,0.1,5.3,73
14-087,Dried mixed fruit,FA,1144,268,0.4,N,68.1,68.1,N,2.3,48
17-790,"Drinking chocolate powder, made up with semi-skimmed milk",PAA,311,74,2.0,1.26,10.9,10.7,N,3.7,58
17-791,"Drinking chocolate powder, made up with skimmed milk",PAA,264,62,0.7,0.40,10.9,10.8,N,3.7,59
17-792,"Drinking chocolate powder, made up with whole milk",PAA,375,89,3.8,2.38,10.8,10.6,N,3.6,57
17-498,"Drinking chocolate, powder",PAA,1598,377,5.8,3.41,79.7,77.7,N,6.4,228
17-499,"Drinking chocolate, powder, reduced fat",PAA,1507,354,2.3,1.35,82.1,82.1,N,6.4,228
17-487,"Dripping, beef",OF,3663,891,99.0,50.62,Tr,0.0,0.0,Tr,5
13-237,"Drumstick leaves, boiled in unsalted water",DG,293,70,1.0,N,11.2,N,,6.6,9
13-236,"Drumstick leaves, raw",DG,301,72,1.5,N,9.2,N,,7.4,4
13-239,"Drumstick pods, boiled in unsalted water",DG,150,36,0.2,Tr,6.1,N,,2.1,43
13-238,"Drumstick pods, raw",DG,156,37,0.2,Tr,7.2,N,,2.1,42
19-578,"Duck a l'orange, excluding fat and skin, homemade",MR,510,122,6.5,2.62,4.0,1.0,N,11.2,257
19-579,"Duck a l'orange, including fat and skin, homemade",MR,980,236,20.0,6.54,3.7,0.9,N,9.8,240
19-580,"Duck with pineapple, homemade",MR,1298,313,25.5,7.62,6.7,4.9,N,13.8,264
18-490,"Duck, crispy, chinese style, meat and skin",MCC,1375,331,24.2,7.20,0.3,0.0,0.0,27.9,453
18-489,"Duck, meat only, raw",MCC,575,137,6.5,2.00,0.0,0.0,0.0,19.7,110
18-495,"Duck, raw, meat only, weighed with fat, skin and bone",MCC,160,38,1.8,0.60,0.0,0.0,,5.5,31
18-371,"Duck, raw, meat, fat and skin",MCC,1603,388,37.3,10.70,0.0,0.0,,13.1,73
18-372,"Duck, roasted, meat only",MCC,815,195,10.4,3.30,0.0,0.0,0.0,25.3,96
18-373,"Duck, roasted, meat only, weighed with fat, skin and bone",MCC,172,41,2.2,0.70,0.0,0.0,,5.3,20
18-374,"Duck, roasted, meat, fat and skin",MCC,1750,423,38.1,11.40,0.0,0.0,0.0,20.0,87
11-962,"Dumplings, homemade",AT,886,211,11.7,6.63,25.4,0.2,1.2,2.7,138
14-088,"Durian, flesh only",FA,575,136,1.4,N,28.4,23.2,,2.4,1
11-838,"Eccles cakes, retail",AN,1532,365,18.3,9.40,48.8,34.0,3.6,4.4,221
16-036,"Eel, conger, flesh only, grilled",JA,574,137,5.5,N,0.0,0.0,,21.7,60
16-037,"Eel, conger, flesh only, grilled, weighed with bones and skin",JA,299,71,2.9,N,0.0,0.0,,11.3,31
16-035,"Eel, conger, flesh only, raw",JA,478,114,4.6,N,0.0,0.0,,18.1,50
16-173,"Eel, yellow, raw",JC,700,168,11.3,2.90,0.0,0.0,,16.6,89
12-950,Egg fu yung,CDE,949,229,19.3,2.47,2.5,1.9,N,10.2,251
17-793,"Egg nog, homemade",QI,410,98,2.3,1.08,9.6,9.6,0.0,4.0,50
12-945,"Eggs, chicken, scrambled, with semi-skimmed milk",CD,981,237,21.2,10.82,0.7,0.7,0.1,11.0,253
12-941,"Eggs, chicken, white, boiled",CA,221,52,Tr,Tr,Tr,Tr,0.0,13.0,151
12-960,"Eggs, chicken, white, dried",CA,1389,327,Tr,Tr,Tr,Tr,0.0,81.7,1399
12-938,"Eggs, chicken, white, raw",CA,184,43,Tr,Tr,Tr,Tr,0.0,10.8,185
12-940,"Eggs, chicken, whole, boiled",CA,595,143,9.6,2.70,Tr,Tr,0.0,14.1,150
12-961,"Eggs, chicken, whole, dried",CA,2110,507,34.7,9.73,Tr,Tr,0.0,48.6,593
12-944,"Eggs, chicken, whole, fried in sunflower oil",CA,831,200,15.7,3.35,Tr,Tr,0.0,14.7,172
12-962,"Eggs, chicken, whole, fried, without fat",CA,694,167,11.4,3.20,Tr,Tr,0.0,16.0,195
12-943,"Eggs, chicken, whole, poached",CA,618,149,10.6,3.00,Tr,Tr,0.0,13.3,121
12-937,"Eggs, chicken, whole, raw",CA,547,131,9.0,2.52,Tr,Tr,0.0,12.6,154
12-963,"Eggs, chicken, whole, scrambled, without milk",CA,633,152,10.4,2.92,Tr,Tr,0.0,14.6,178
12-942,"Eggs, chicken, yolk, boiled",CA,1490,360,32.6,9.21,Tr,Tr,0.0,16.7,52
12-939,"Eggs, chicken, yolk, raw",CA,1437,347,31.3,8.81,Tr,Tr,0.0,16.4,52
12-814,"Eggs, duck, boiled and salted",CA,822,198,15.5,3.80,Tr,Tr,,14.6,1690
12-920,"Eggs, duck, whole, raw",CA,680,163,11.8,2.90,Tr,Tr,,14.3,120
12-815,"Eggs, quail, whole, raw",CA,630,151,11.1,3.10,Tr,Tr,,12.9,N
12-816,"Eggs, turkey, whole, raw",CA,684,165,12.2,3.70,Tr,Tr,,13.7,N
14-089,"Elderberries, whole fruit",FA,149,35,0.5,N,7.4,7.4,,0.7,1
19-586,"Enchiladas, beef, homemade",MR,640,153,8.2,3.49,11.1,2.7,0.5,9.6,194
13-240,"Endive, raw",DG,54,13,0.2,0.10,1.0,1.0,,1.8,10
17-672,"Energy drink, carbonated",PCA,178,42,0.0,0.00,11.1,11.1,0.0,Tr,60
19-131,"Faggots in gravy, retail, reheated",MR,619,148,7.5,2.50,12.6,1.7,N,8.2,540
19-464,"Fajita, chicken, meat only, takeaway and restaurant",MR,524,125,6.3,2.12,0.3,Tr,0.8,16.8,334
15-795,"Falafel, fried in rapeseed oil, homemade",DR,764,183,11.2,0.74,15.9,2.7,N,6.4,67
12-497,"Fat spread, low fat (26-39%), not polyunsaturated, including dairy type",OA,1457,354,39.0,9.76,0.7,0.4,0.0,0.2,692
12-498,"Fat spread, low fat (26-39%), not polyunsaturated, with olive oil",OA,1450,353,38.9,8.90,0.5,0.5,0.0,0.1,488
12-499,"Fat spread, low fat (26-39%), polyunsaturated",OA,1394,339,36.9,8.55,1.8,1.3,0.0,Tr,482
12-504,"Fat spread, reduced fat (41-62%), not polyunsaturated",OA,2270,552,60.6,15.61,1.3,1.3,0.0,0.4,689
12-505,"Fat spread, reduced fat (41-62%), not polyunsaturated, with olive oil",OA,2208,537,59.1,13.22,1.1,1.1,0.0,0.2,551
12-503,"Fat spread, reduced fat (41-62%), polyunsaturated",OA,2190,533,59.2,13.21,Tr,Tr,0.0,Tr,600
12-506,"Fat spread, reduced fat (62-75%), not polyunsaturated",OA,2713,660,73.2,24.35,Tr,Tr,0.0,0.3,747
17-710,"Fat spread, reduced fat (62-75%), polyunsaturated",OA,2551,620,68.5,15.00,0.6,0.6,0.0,0.4,600
14-090,"Feijoa, flesh only",FA,199,47,0.5,N,10.3,10.0,,0.9,3
13-827,Fennel seeds,H,N,N,14.9,0.50,N,N,,15.8,88
13-542,"Fennel, Florence, boiled in unsalted water",DG,47,11,0.2,Tr,1.5,1.4,N,0.9,11
13-241,"Fennel, Florence, raw",DG,50,12,0.2,Tr,1.8,1.7,N,0.9,11
13-243,"Fenugreek leaves, raw",DG,146,35,0.2,N,4.8,N,,4.6,76
13-828,Fenugreek seeds,H,N,N,7.4,1.10,N,N,,23.8,43
11-805,Fig Rolls,AM,1532,363,10.6,4.76,66.8,43.8,3.9,4.2,273
14-093,"Figs, dried, stewed with sugar",FA,612,143,0.8,N,34.3,34.3,,1.9,32
14-094,"Figs, dried, stewed without sugar",FA,537,126,0.9,N,29.4,29.4,,2.0,34
14-395,"Figs, ready-to-eat, semi-dried",FA,790,186,1.2,0.13,43.3,43.3,10,3.1,111
14-092,"Figs, whole fruit, dried",FA,967,227,1.6,N,52.9,52.9,,3.6,62
14-091,"Figs, whole green fruit, raw",FA,185,43,0.3,0.10,9.5,9.5,,1.3,3
16-279,"Fish balls, steamed",JR,313,74,0.5,N,5.5,Tr,,11.8,750
16-444,"Fish fingers, cod, fried in rapeseed oil",JR,1006,240,12.6,1.41,19.9,1.3,1.8,13.0,287
16-445,"Fish fingers, cod, fried in sunflower oil",JR,1006,240,12.6,1.60,19.9,1.3,1.8,13.0,287
16-405,"Fish fingers, cod, grilled/baked",JR,936,223,9.2,1.19,22.0,1.5,2.0,14.3,317
16-371,"Fish fingers, pollock, grilled",JR,897,213,9.2,1.23,20.0,1.3,2.0,13.9,401
16-406,"Fish fingers, salmon, grilled/baked",JR,1038,247,11.2,1.07,20.7,1.1,2.0,17.2,288
16-450,Fish paste,JR,708,170,10.5,N,3.7,0.5,2.6,15.3,430
16-458,"Fishcakes, cod, homemade",JR,979,235,14.7,1.31,15.2,0.7,0.7,11.3,92
16-408,"Fishcakes, salmon, coated in breadcrumbs, baked",JR,1027,245,13.7,2.00,20.4,1.6,1.7,11.4,322
16-459,"Fishcakes, salmon, homemade",JR,1195,287,20.5,2.41,15.2,0.7,N,11.4,74
16-407,"Fishcakes, white fish, coated in breadcrumbs, baked",JA,867,206,9.4,1.00,22.6,1.8,1.7,9.3,356
11-1066,"Flan case, pastry, homemade",AS,2205,527,30.9,10.12,58.9,11.9,2.3,7.0,284
11-1067,"Flan case, sponge, homemade",AS,1241,293,5.6,1.58,54.4,34.6,1.0,9.6,92
15-796,"Flan, cheese and mushroom, homemade",DR,1176,282,19.9,8.94,16.0,2.2,1.8,10.8,257
15-797,"Flan, cheese and mushroom, wholemeal, homemade",DR,1134,272,18.1,10.46,17.1,2.3,2.7,11.3,256
15-798,"Flan, cheese, onion and potato, homemade",DR,1478,355,26.2,13.33,18.0,1.0,1.8,13.0,387
15-799,"Flan, cheese, onion and potato, wholemeal, homemade",DR,1436,345,24.3,14.82,19.1,1.0,2.7,13.6,386
15-800,"Flan, lentil and tomato, homemade",DR,712,169,5.7,2.14,23.6,2.5,N,7.4,73
15-801,"Flan, lentil and tomato, wholemeal, homemade",DR,696,165,5.8,2.12,22.0,2.6,N,7.7,73
11-1069,"Flan, pastry, with fruit, homemade",AS,444,105,3.5,1.14,18.3,11.2,N,1.2,35
15-802,"Flan, spinach, homemade",DR,878,211,14.7,5.29,13.4,1.8,N,8.6,183
15-803,"Flan, spinach, wholemeal, homemade",DR,861,206,13.4,6.35,11.3,1.9,N,9.0,183
11-1070,"Flan, sponge, with fruit, homemade",AS,430,101,1.2,0.34,21.5,15.8,N,2.3,22
15-804,"Flan, vegetable, homemade",DR,958,229,15.6,6.68,18.2,2.7,2.5,5.3,157
15-805,"Flan, vegetable, wholemeal, homemade",DR,800,191,11.9,7.26,16.7,2.7,3.1,5.4,142
11-1071,"Flapjacks, homemade",AM,1946,464,24.0,7.45,61.6,34.5,3.1,4.4,271
11-814,"Flapjacks, retail",AM,1821,434,22.8,10.25,55.7,29.2,5.2,5.1,194
11-1128,"Flapjacks, retail, chocolate covered",AM,1849,441,23.5,10.92,55.7,31.3,5.0,5.3,186
16-041,"Flounder, flesh only, steamed",JA,427,101,2.2,0.40,0.0,0.0,,20.3,120
16-042,"Flounder, flesh only, steamed, weighed with bones and skin",JA,239,57,1.2,0.20,0.0,0.0,,11.4,64
16-040,"Flounder, raw",JA,345,82,1.8,0.40,0.0,0.0,,16.4,92
11-895,"Flour, chapati, brown",AA,1413,332,1.9,0.29,73.0,1.1,7.9,10.3,14
11-894,"Flour, chapati, white",AA,1470,345,1.4,0.35,78.3,0.6,3.6,9.7,2
11-1045,"Flour, corn",AA,1508,354,0.7,0.10,92.0,Tr,N,0.6,11
11-899,"Flour, gari (cassava flour)",AA,1541,361,0.2,0.04,95.1,Tr,4.6,0.7,4
11-896,"Flour, gram",AA,1498,353,5.4,0.61,57.0,2.3,10.1,22.7,2
11-016,"Flour, millet, foxtail",AA,1481,354,1.7,,75.4,N,,5.8,21
11-021,"Flour, rice",AA,1531,366,0.8,,80.1,N,,6.4,5
11-897,"Flour, rye",AA,1359,319,1.6,0.22,73.5,1.5,14.1,7.3,2
11-898,"Flour, soya",AA,1711,409,22.4,2.74,18.7,6.4,18.0,34.3,1
11-887,"Flour, wheat, bread/strong, white",AA,1504,353,1.2,0.31,79.2,0.5,3.3,11.3,2
11-892,"Flour, wheat, brown",AA,1441,339,2.0,0.29,72.5,1.0,7.7,12.2,2
11-893,"Flour, wheat, brown, bread/strong",AA,1450,341,1.9,,72.0,1.0,6.0,13.4,2
11-886,"Flour, wheat, white, plain, soft",AA,1501,352,1.4,0.44,80.9,0.6,4.0,9.1,2
11-888,"Flour, wheat, white, self raising",AA,1480,348,1.5,0.39,79.6,0.6,4.0,8.9,342
11-889,"Flour, wheat, wholemeal",AA,1390,327,2.0,0.29,69.9,1.4,10.1,11.6,2
11-890,"Flour, wheat, wholemeal, bread/strong",AA,1390,327,2.2,,66.7,1.1,10.0,14.2,3
11-891,"Flour, wheat, wholemeal, self raising",AA,1528,359,1.9,,69.3,1.1,,10.8,391
16-043,"Flying fish, raw",JA,366,86,0.3,N,0.0,0.0,,21.0,79
19-495,Frankfurter,MI,1189,287,25.4,9.20,1.1,1.1,0.1,13.6,730
19-581,Frankfurter with bun,MI,1113,264,9.8,3.32,35.6,2.1,1.8,10.7,504
19-582,"Frankfurter with bun, ketchup, fried onions and mustard",MI,814,194,7.4,2.08,26.5,6.7,2.0,6.8,472
12-534,"Fromage frais, fruit, children's, fortified",BNS,417,99,2.9,1.90,13.2,11.8,0.2,5.8,60
12-372,"Fromage frais, virtually fat free, fruit",BN,213,50,0.2,0.10,5.6,4.9,0.7,6.8,33
12-528,"Fromage frais, virtually fat free, natural",BN,208,49,0.1,0.10,4.6,4.4,0.0,7.7,37
14-336,"Fruit cocktail, canned in juice, whole contents",FA,194,45,Tr,Tr,11.7,11.7,N,0.4,3
14-097,"Fruit cocktail, canned in syrup, whole contents",FA,244,57,Tr,Tr,14.8,14.8,N,0.4,3
12-232,"Fruit fool, homemade",BR,683,163,9.3,5.80,20.2,16.1,,1.0,13
17-107,Fruit gums/jellies,SEC,1383,324,0.0,0.00,79.5,58.7,N,6.5,30
17-673,"Fruit juice drink, carbonated, no added sugar, ready to drink",PCA,10,2,Tr,Tr,0.6,0.6,Tr,Tr,Tr
17-735,"Fruit juice drink, carbonated, ready to drink",PCA,116,27,Tr,Tr,7.2,7.2,Tr,Tr,8
17-742,"Fruit juice drink, no added sugar, ready to drink",PCC,18,4,Tr,Tr,0.9,0.9,Tr,0.2,5
17-847,"Fruit juice drink/squash, diluted",PCC,29,7,Tr,Tr,1.8,1.8,Tr,0.0,8
17-846,"Fruit juice drink/squash, no sugar added, diluted",PCC,5,1,Tr,Tr,0.3,0.3,Tr,0.0,22
17-739,"Fruit juice drink/squash, no sugar added, undiluted",PCC,25,6,Tr,Tr,1.4,1.4,Tr,0.1,110
17-741,"Fruit juice drink/squash, ready to drink",PCC,159,37,Tr,Tr,9.8,9.8,Tr,0.1,5
17-738,"Fruit juice drink/squash, undiluted",PCC,144,34,Tr,Tr,8.9,8.9,Tr,0.1,40
17-746,"Fruit juice, mixed",PE,172,40,Tr,Tr,10.3,10.3,0.8,0.4,2
17-824,Fruit pastilles,SEC,1395,327,0.0,0.00,84.2,59.3,N,2.8,33
14-333,"Fruit salad, homemade",FA,252,59,0.3,N,14.3,14.0,N,0.7,1
17-683,"Fudge, homemade",SEC,1836,435,13.1,8.29,80.8,80.8,0.0,3.4,156
15-806,"Fu-fu, sweet potato, homemade",DR,464,109,0.3,0.09,25.9,N,N,1.6,37
15-807,"Fu-fu, yam, homemade",DR,658,155,0.3,0.09,37.4,N,N,2.1,16
11-913,Gajjeralla,AS,1145,272,12.3,4.81,39.3,39.3,2.1,3.6,93
13-829,Garam masala,H,1592,379,15.1,N,45.2,N,N,15.6,97
15-642,"Garlic mushrooms, not coated, homemade",DR,552,134,14.1,8.85,0.5,0.4,N,1.2,128
13-830,Garlic powder,H,1045,246,1.2,0.20,42.7,4.2,,18.7,19
13-244,"Garlic, raw",DG,411,98,0.6,0.10,16.3,1.6,N,7.9,4
11-526,"Gateau, chocolate based, frozen",AN,1236,295,15.7,10.30,37.2,17.4,N,3.5,173
11-530,"Gateau, fruit, frozen",AN,1042,248,12.3,7.89,33.3,14.9,N,3.2,128
17-360,Gelatine,WY,1435,338,0.0,0.00,0.0,0.0,0.0,84.4,330
12-502,Ghee made from vegetable oil,BTM,3702,900,100.0,46.72,0.0,0.0,0.0,0.1,1
17-640,"Ghee, butter",OF,3611,878,97.6,58.42,Tr,Tr,0.0,0.1,1
13-246,"Gherkins, pickled, drained",DG,61,14,0.1,Tr,2.6,2.4,1.5,0.9,690
13-245,"Gherkins, raw",DG,49,12,0.1,Tr,1.8,1.6,,1.0,11
18-394,"Giblets, chicken, boiled",MG,652,156,7.1,N,0.0,0.0,,22.9,67
18-393,"Giblets, chicken, raw",MG,594,142,8.2,N,0.0,0.0,,17.1,82
18-395,"Giblets, turkey, boiled",MG,803,192,8.8,N,0.0,0.0,,28.1,63
13-890,"Ginger, fresh",H,188,44,0.8,0.20,8.1,1.7,2.0,1.8,13
13-832,"Ginger, ground",H,1208,284,3.3,1.57,60.0,19.8,14.1,7.4,34
11-1079,"Gingerbread, homemade",AN,1569,371,11.3,3.74,65.9,34.7,1.7,5.6,253
17-049,"Glucose liquid, BP",SC,1355,318,0.0,0.00,84.7,40.2,,Tr,150
18-375,"Goose, meat, raw, fat and skin",MCE,1494,361,32.8,9.50,0.0,0.0,,16.5,61
18-376,"Goose, meat, roasted, fat and skin",MCE,1252,301,21.2,6.60,0.0,0.0,0.0,27.5,80
14-100,"Gooseberries, cooking, raw",FA,81,19,0.4,N,3.0,3.0,,1.1,2
14-101,"Gooseberries, cooking, stewed with sugar",FA,229,54,0.3,N,12.9,12.9,N,0.7,7
14-102,"Gooseberries, cooking, stewed without sugar",FA,66,16,0.3,N,2.5,2.5,,0.9,2
14-103,"Gooseberries, dessert, raw",FA,170,40,0.3,0.10,9.2,9.2,,0.7,1
19-583,"Goulash, homemade",MR,332,79,3.0,0.81,6.5,1.7,N,6.9,254
13-248,"Gourd, ash, raw",DG,51,12,0.1,Tr,2.3,N,,0.5,5
13-249,"Gourd, bottle, raw",DG,56,13,0.1,Tr,2.7,N,,0.4,2
13-250,"Gourd, kantola, raw",DG,117,28,1.0,N,3.0,0.9,,1.9,8
13-252,"Gourd, karela, raw",DG,47,11,0.2,N,0.8,Tr,,1.6,1
13-254,"Gourd, ridge, raw",DG,70,17,0.1,Tr,3.3,3.1,,0.8,2
13-255,"Gourd, snake, raw",DG,89,21,0.3,N,4.1,N,,0.5,25
13-256,"Gourd, tinda, raw",DG,89,21,0.2,N,3.6,2.8,,1.4,35
17-745,"Grape juice, unsweetened",PE,265,62,0.1,Tr,16.0,16.0,0.0,0.3,7
14-275,"Grapefruit juice, unsweetened",PE,140,33,0.1,Tr,8.3,8.3,Tr,0.4,7
14-107,"Grapefruit, canned in juice, whole contents",FA,120,30,Tr,Tr,7.3,7.3,N,0.6,10
14-384,"Grapefruit, flesh only, raw",FA,144.636,34.077,0.5,0.07,6.9399999999999995,6.9399999999999995,0.9,0.888,0.78
14-385,"Grapefruit, flesh only, raw, weighed with peel and pips",FA,102,24,0.4,0.05,4.9,4.9,0.6,0.6,1
14-350,"Grapes, average",FA,277,65,0.2,0.06,16.1,16.1,1.3,0.7,1
14-351,"Grapes, average, weighed with pips",FA,272,64,0.2,0.06,15.8,15.8,1.3,0.7,1
14-322,"Grapes, green",FA,263,62,0.2,0.07,15.2,15.2,1.2,0.7,1
14-323,"Grapes, red",FA,286,67,0.1,0.04,17.0,17.0,1.3,0.6,1
17-724,Gravy instant granules,WY,1714,407,16.1,10.66,65.2,5.3,1.6,4.4,5300
17-725,"Gravy instant granules, made up with water",WY,125,30,1.2,0.77,4.7,0.4,0.1,0.3,385
13-608,"Green beans, dried",DI,1040,246,4.4,0.82,31.9,22.6,35.0,21.6,Tr
14-111,"Greengages, raw",FA,173,41,0.1,Tr,9.7,9.7,,0.8,1
14-112,"Greengages, raw, weighed with stones",FA,163,38,0.1,Tr,9.2,9.2,,0.7,1
14-113,"Greengages, stewed with sugar",FA,347,81,0.1,Tr,20.7,20.7,,0.7,Tr
14-114,"Greengages, stewed with sugar, weighed with stones",FA,334,78,0.1,Tr,19.9,19.9,,0.7,Tr
14-116,"Greengages, stewed without sugar, weighed with stones",FA,147,34,0.1,Tr,8.3,8.3,,0.6,1
14-115,"Greengages, stones, removed, stewed without sugar",FA,155,36,0.1,Tr,8.7,8.7,,0.7,1
14-117,"Grenadillas, flesh and seeds",FA,179,42,0.3,0.10,7.5,7.5,,2.8,28
18-377,"Grouse, meat only, roasted",MCG,543,128,2.0,0.50,0.0,0.0,,27.6,110
18-378,"Grouse, meat only, roasted, weighed with bone",MCG,249,59,0.9,0.20,0.0,0.0,,12.7,51
17-797,"Guacamole, homemade",WC,529,128,12.7,2.67,2.2,1.3,N,1.4,5
14-118,"Guava, flesh only, raw",FA,112,26,0.5,N,5.0,4.9,,0.8,5
14-119,"Guava, raw, weighed with skin and pips",FA,102,24,0.5,N,4.5,4.4,,0.7,5
11-1081,"Gulab jamen/jambu, homemade",AP,1153,273,6.6,0.62,49.9,35.6,0.5,6.5,115
11-1083,"Gulab jamen/jambu, retail",AP,1287,306,12.8,4.38,43.3,38.9,N,7.2,106
16-063,"Haddock, coated in crumbs, frozen, fried in blended oil",JA,822,196,10.0,N,12.6,Tr,N,14.7,290
16-064,"Haddock, coated in crumbs, frozen, fried in blended oil, weighed with bones and skin",JA,657,157,8.0,N,10.1,Tr,N,11.8,230
16-062,"Haddock, coated in crumbs, frozen, raw",JA,595,141,5.2,N,10.5,Tr,N,13.8,290
16-057,"Haddock, fillets, flesh only, in flour, fried in blended oil, weighed with bones and skin",JA,507,120,3.6,0.40,3.9,Tr,N,18.4,62
16-058,"Haddock, fillets, flesh only, in flour, fried in dripping",JA,582,138,4.1,2.30,4.5,Tr,N,21.1,71
16-059,"Haddock, fillets, flesh only, in flour, fried in dripping, weighed with bones and skin",JA,507,120,3.6,2.00,3.9,Tr,N,18.4,62
16-060,"Haddock, fillets, flesh only, in flour, fried in sunflower oil",JA,582,138,4.1,0.50,4.5,Tr,N,21.1,71
16-061,"Haddock, fillets, flesh only, in flour, fried in sunflower oil, weighed with bones and skin",JA,507,120,3.6,0.40,3.9,Tr,N,18.4,62
16-376,"Haddock, flesh only, grilled",JA,417,98,0.3,0.06,0.0,0.0,0.0,23.9,92
16-471,"Haddock, flesh only, grilled, fillets weighed with bones and skin",JA,368,87,0.3,0.05,0.0,0.0,0.0,21.0,81
16-473,"Haddock, flesh only, poached",JA,406,96,0.5,0.11,0.0,0.0,0.0,22.8,87
16-474,"Haddock, flesh only, poached, fillets weighed with bones and skin",JA,355,84,0.5,0.10,0.0,0.0,0.0,19.8,76
16-375,"Haddock, flesh only, raw",JA,317,75,0.4,0.09,0.0,0.0,0.0,17.8,68
16-402,"Haddock, flesh only, smoked, poached",JA,389,92,0.5,0.09,0.0,0.0,0.0,21.8,464
16-475,"Haddock, flesh only, smoked, poached, fillets weighed with bones and skin",JA,341,80,0.4,0.08,0.0,0.0,0.0,19.2,408
16-492,"Haddock, flesh only, smoked, raw",JA,352,83,0.5,0.08,0.0,0.0,0.0,19.7,420
16-493,"Haddock, flesh only, smoked, steamed",JA,402,95,0.5,0.09,0.0,0.0,0.0,22.5,549
16-494,"Haddock, flesh only, smoked, steamed, weighed with bones and skin",JA,358,84,0.5,0.08,0.0,0.0,0.0,20.0,489
16-377,"Haddock, flesh only, steamed",JA,393,93,0.6,0.12,0.0,0.0,0.0,21.8,84
16-472,"Haddock, flesh only, steamed, fillets weighed with bones and skin",JA,342,81,0.5,0.10,0.0,0.0,0.0,19.0,73
16-052,"Haddock, in batter, fried in blended oil",JA,969,232,14.0,1.50,10.0,Tr,,17.1,180
16-053,"Haddock, in batter, fried in dripping",JA,969,232,14.0,7.80,10.0,Tr,,17.1,180
16-495,"Haddock, in batter, fried in retail blend oil",JA,969,232,14.0,7.22,10.0,Tr,N,17.1,180
16-055,"Haddock, in batter, fried in sunflower oil",JA,969,232,14.0,2.00,10.0,Tr,,17.1,180
19-132,"Haggis, boiled",MI,1292,310,21.7,7.60,19.2,Tr,N,10.7,770
16-071,"Hake, flesh only, grilled",JA,478,113,2.7,0.40,0.0,0.0,,22.2,130
16-072,"Hake, flesh only, grilled, weighed with bones and skin",JA,310,74,1.8,0.30,0.0,0.0,,14.4,84
16-070,"Hake, flesh only, raw",JA,387,92,2.2,0.30,0.0,0.0,,18.0,100
16-074,"Halibut, flesh only, grilled",JA,513,121,2.2,0.40,0.0,0.0,,25.3,71
16-076,"Halibut, flesh only, poached",JA,648,154,5.7,2.70,1.1,1.1,,24.7,100
16-077,"Halibut, flesh only, poached, weighed with bones and skin",JA,596,142,5.3,2.50,1.0,1.0,,22.7,96
16-073,"Halibut, flesh only, raw",JA,436,103,1.9,0.30,0.0,0.0,,21.5,60
16-075,"Halibut, grilled, weighed with bones and skin",JA,400,95,1.7,0.30,0.0,0.0,,19.7,55
17-798,"Halva, carrot, homemade",SEC,1478,354,16.6,7.38,44.0,43.3,4.7,4.8,94
17-799,"Halva, semolina, homemade",SEC,1436,342,16.7,7.00,49.1,37.6,N,2.2,13
19-496,Ham,MAA,451,107,3.3,1.10,1.0,1.0,0.1,18.4,800
19-021,"Ham, gammon joint, boiled",MAA,851,204,12.3,4.11,0.0,0.0,0.0,23.3,1180
19-020,"Ham, gammon joint, raw",MAA,575,138,7.5,2.50,0.0,0.0,0.0,17.5,880
19-505,"Ham, gammon rashers, grilled",MAA,834,199,9.9,3.40,0.0,0.0,0.0,27.5,1360
18-379,"Hare, meat only, stewed",MEA,804,192,8.0,N,0.0,0.0,,29.9,40
18-380,"Hare, meat only, stewed, weighed with bone",MEA,585,139,5.8,N,0.0,0.0,,21.8,29
14-874,"Hazelnuts, kernel only",GA,2685,650,63.5,4.55,6.0,4.0,6.9,14.1,6
14-885,"Hazelnuts, kernel only, weighed with shells",GA,1020,247,24.1,1.73,2.3,1.5,2.6,5.4,2
18-396,"Heart, lamb, raw",MG,498,129,6.8,2.10,0.0,0.0,,17.1,140
18-492,"Heart, lamb, roasted",MG,944,226,13.9,N,0.0,0.0,0.0,25.3,84
18-398,"Heart, ox, raw",MG,439,104,3.5,1.70,0.0,0.0,,18.2,88
18-399,"Heart, ox, stewed",MG,661,157,5.1,2.50,0.0,0.0,,27.8,65
18-400,"Heart, pig, raw",MG,409,97,3.2,1.20,0.0,0.0,,17.1,80
18-401,"Heart, pig, stewed",MG,678,162,6.8,N,0.0,0.0,,25.1,76
16-176,"Herring, flesh only, grilled",JC,756,181,11.2,2.80,0.0,0.0,0.0,20.1,160
16-177,"Herring, flesh only, grilled, weighed with bones and skin",JC,514,123,7.6,1.90,0.0,0.0,,13.7,110
16-175,"Herring, flesh only, raw",JC,791,190,13.2,3.65,0.0,0.0,,17.8,120
16-183,"Herring, pickled",JC,877,209,11.1,N,10.0,10.0,,16.7,830
17-848,"High juice drink, diluted",PCC,137,32,Tr,Tr,8.5,8.5,Tr,0.1,2
17-674,"High juice drink, no added sugar, undiluted",PCC,78,18,Tr,Tr,4.6,4.6,Tr,0.3,100
17-740,"High juice drink, undiluted",PCC,687,161,Tr,Tr,42.6,42.6,Tr,0.3,11
16-184,"Hilsa, raw",JC,1088,262,19.4,N,0.0,0.0,,21.8,52
16-079,"Hoki, grilled",JA,510,121,2.7,0.50,0.0,0.0,,24.1,120
16-078,"Hoki, raw",JA,358,85,1.9,0.30,0.0,0.0,,16.9,86
17-800,"Hollandaise sauce, homemade",WC,2948,717,77.9,46.36,0.9,0.5,0.1,5.1,630
17-050,Honey,SC,1229,288,0.0,0.00,76.4,76.4,0.0,0.4,11
17-051,Honey and comb,SC,1201,281,4.6,0.00,74.4,74.4,,0.6,7
17-801,"Horlicks powder, made up with semi-skimmed milk",PAA,353,83,1.8,1.10,13.5,8.5,0.4,4.1,93
17-802,"Horlicks powder, made up with skimmed milk",PAA,308,72,0.6,0.26,13.5,8.5,0.4,4.1,95
17-803,"Horlicks powder, made up with whole milk",PAA,415,98,3.5,2.18,13.3,8.4,0.4,4.1,93
17-731,"Horlicks, powder",PAA,1614,379,3.1,1.30,83.7,38.9,3.4,9.4,500
17-314,Horseradish sauce,WCN,640,153,8.4,1.10,17.9,15.0,2.5,2.5,910
13-258,"Horseradish, raw",DG,264,62,0.3,N,11.0,7.3,,4.5,8
11-1084,"Hot cross buns, homemade",AP,1319,312,5.8,1.95,58.3,23.4,N,7.3,77
19-522,"Hot pot, lamb/beef with potatoes, retail, reheated",MR,455,108,4.4,1.70,10.6,1.0,1.9,7.2,200
13-556,Houmous,DB,1272,307,26.7,N,10.5,0.6,4.9,6.8,410
12-510,"Ice cream bars/choc ices, chocolate coated, luxury",BP,1405,336,21.1,14.21,34.9,32.9,N,3.9,64
12-384,"Ice cream bars/choc ices, non-dairy, with chocolate flavoured coating",BP,1229,295,21.7,18.40,23.2,20.5,Tr,3.2,70
12-385,"Ice cream desserts, frozen",BP,1047,251,17.6,14.17,21.0,19.7,Tr,3.5,62
17-689,"Ice cream sauce, topping, strawberry and chocolate flavours",SC,1177,276,0.2,Tr,72.7,62.3,N,0.4,Tr
12-581,"Ice cream with cone, non-dairy, vanilla",BP,840,200,7.5,4.82,32.0,22.6,0.3,2.9,81
12-582,"Ice cream with wafers, non-dairy, vanilla",BP,836,199,7.5,4.84,31.7,22.7,0.3,2.9,80
12-511,"Ice cream, dairy, luxury, with chocolate/caramel",BP,1100,262,13.9,8.97,32.2,28.4,1.3,4.2,75
12-508,"Ice cream, dairy, vanilla, soft scoop",BP,711,169,8.2,5.19,22.0,22.0,0.2,3.2,63
12-509,"Ice cream, non dairy, vanilla, soft scoop",BP,807,192,7.7,5.01,29.8,23.5,0.2,2.6,76
12-482,"Ice cream, virtually fat free alternative",BP,434,102,0.8,N,20.6,19.0,0.0,4.4,N
11-828,"Iced buns, retail",AN,1364,322,7.8,3.62,60.8,25.8,2.5,6.0,228
17-783,"Icing, butter, homemade",S,2121,507,29.4,18.61,63.4,62.8,0.0,0.2,269
17-804,"Icing, fondant, homemade",S,1463,343,Tr,Tr,90.1,88.9,Tr,1.3,30
17-583,"Icing, glace, homemade",SC,1422,333,0.0,0.00,88.9,88.0,,Tr,10
17-805,"Icing, Royal, homemade",SC,1513,354,Tr,Tr,93.4,92.4,Tr,1.1,30
12-583,"Instant dessert powder, made up with skimmed milk",BR,407,96,3.2,2.89,14.4,11.0,N,3.3,229
12-584,"Instant dessert powder, made up with whole milk",BR,508,121,6.0,4.69,14.3,10.9,N,3.2,228
17-732,"Instant drinks powder, chocolate, low calorie",PAA,1515,359,11.1,8.05,52.0,33.6,N,16.0,1170
17-825,"Instant drinks powder, malted, unfortified",PAA,1646,388,6.2,3.80,82.5,54.8,2.1,5.7,400
16-185,"Jackfish, raw",JC,458,108,2.4,N,0.0,0.0,,21.7,53
13-259,"Jackfruit, raw",DG,375,88,0.3,N,21.4,20.6,,1.3,3
11-739,Jaffa cakes,AM,1498,354,8.5,4.33,69.3,51.6,1.5,4.4,85
11-846,"Jam tarts, retail",AS,1485,353,13.5,5.54,58.2,32.1,1.4,3.2,26
17-073,"Jam, fruit with edible seeds",SC,1114,261,0.0,0.00,69.0,69.0,N,0.6,29
17-075,"Jam, reduced sugar",SC,523,123,0.1,Tr,31.9,31.9,1.7,0.5,20
17-688,"Jam, stone fruit",SC,1116,261,0.0,0.00,69.3,69.3,1.0,0.4,46
14-121,"Jambu fruit, flesh only",FA,234,55,0.3,0.10,12.4,N,,0.7,26
11-1088,"Jellabi, homemade",AP,1551,369,14.9,1.12,57.5,N,1.6,4.2,2
12-240,"Jelly, made with skimmed milk",BR,314,73,Tr,Tr,16.8,16.8,,2.6,29
12-237,"Jelly, made with water",BR,260,61,Tr,0.00,15.1,15.1,0.0,1.2,5
12-516,"Jelly, sugar free, made with water",BR,27,6,0.0,0.00,Tr,0.0,0.0,1.6,5
16-080,"John Dory, raw",JA,375,89,1.4,0.30,0.0,0.0,,19.0,60
14-122,"Jujube, flesh only",FA,371,87,0.3,0.10,19.7,19.7,,1.5,4
16-081,"Kalabasu, raw",JA,287,68,1.0,N,0.0,0.0,,14.7,N
16-186,"Katla, raw",JA,420,100,2.4,N,0.0,0.0,,19.5,50
19-615,"Kebabs, pork and pineapple, homemade",MR,709,170,9.9,2.44,5.9,6.1,N,14.4,78
16-447,"Kedgeree, homemade",JR,699,167,7.7,2.37,9.1,Tr,0.2,15.9,343
15-809,Khadhi,DR,267,63,2.8,1.60,6.6,4.5,N,3.4,37
15-810,Khatiyu,DR,813,192,7.0,0.54,25.8,3.8,0.1,8.5,25
19-587,"Kheema, beef, homemade",MR,666,160,10.8,3.69,4.6,2.6,N,11.7,44
19-480,"Kheema, lamb, homemade",MR,740,178,13.4,3.84,4.0,2.4,1.5,11.0,37
19-593,"Kheema, lamb, reduced fat, homemade",MR,593,142,9.4,3.32,3.2,1.6,1.6,11.4,39
15-528,"Khichadi, with butter ghee",DR,712,169,5.2,3.03,27.3,0.2,,4.8,495
15-529,"Khichadi, with vegetable oil",DR,712,169,5.2,0.76,27.0,0.2,,4.8,495
18-493,"Kidney, lamb, fried in corn oil",MG,784,188,10.3,N,0.0,0.0,0.0,23.7,230
18-402,"Kidney, lamb, raw",MG,385,91,2.6,0.90,0.0,0.0,,17.0,150
18-404,"Kidney, ox, raw",MG,370,88,2.1,0.80,0.0,0.0,,17.2,170
18-405,"Kidney, ox, stewed",MG,579,138,4.4,1.40,0.0,0.0,0.0,24.5,150
18-407,"Kidney, pig, fried",MG,848,202,9.5,N,0.0,0.0,,29.2,220
18-406,"Kidney, pig, raw",MG,363,86,2.7,0.90,0.0,0.0,,15.5,200
18-408,"Kidney, pig, stewed",MG,641,153,6.1,2.00,0.0,0.0,,24.4,370
16-398,"Kippers, flesh only, boil in the bag, with butter, cooked",JC,805,193,13.2,2.96,Tr,Tr,0.0,18.6,860
16-397,"Kippers, flesh only, grilled",JC,1020,245,17.6,3.74,0.0,0.0,0.0,21.7,947
16-476,"Kippers, flesh only, grilled, fillets weighed with bones and skin",JC,909,219,15.7,3.33,0.0,0.0,0.0,19.3,843
14-371,"Kiwi fruit, flesh only, raw",FA,185,44,0.9,0.07,8.6,8.3,2.7,0.8,1
14-373,"Kiwi fruit, flesh only, raw, weighed with skin",FA,134,32,0.7,0.05,6.2,6,2,0.6,1
12-605,"Knickerbocker glory, homemade",BP,539,128,6.3,2.83,16.4,14.1,N,2.4,30
19-642,"Kofta, beef, homemade",MR,1203,290,20.5,8.52,1.3,0.8,0.3,25.3,116
19-594,"Kofta, lamb, coated with breadcrumbs, homemade",MR,1157,277,16.0,7.08,9.7,0.9,N,23.8,139
13-576,"Kohl rabi, boiled in unsalted water",DG,77,18,0.2,Tr,3.1,3.0,N,1.2,3
13-261,"Kohl rabi, raw",DG,95,23,0.2,Tr,3.7,3.6,,1.6,4
12-606,"Kulfi, homemade",BP,1890,457,42.4,24.22,13.8,13.6,N,5.7,55
14-125,"Kumquats, whole fruit, raw",FA,183,43,0.5,N,9.3,9.3,,0.9,6
17-212,"Lager, alcohol-free",QA,31,7,Tr,Tr,1.5,1.2,Tr,0.4,2
17-676,"Lager, extra strong",QA,249,60,Tr,Tr,2.4,2.4,Tr,0.3,7
17-750,"Lager, low alcohol",QA,67,16,Tr,Tr,0.5,0.5,Tr,0.3,10
17-751,"Lager, premium",QA,118,29,Tr,Tr,Tr,Tr,Tr,0.3,7
17-749,"Lager, standard",QA,98,24,Tr,Tr,Tr,Tr,Tr,0.3,7
19-598,"Lamb stir-fried with vegetables, homemade",MR,1013,244,18.4,7.36,2.3,2.0,N,16.4,237
18-478,"Lamb, average, raw, lean and fat",MAE,778,187,12.3,5.36,0.0,0.0,0.0,19.0,58
18-103,"Lamb, best end neck cutlets, barbecued, lean",MAE,985,236,13.9,6.50,0.0,0.0,,27.7,82
18-105,"Lamb, best end neck cutlets, barbecued, lean and fat",MAE,1420,342,27.2,13.20,0.0,0.0,,24.3,80
18-106,"Lamb, best end neck cutlets, barbecued, lean and fat, weighed with bone",MAE,1023,246,19.6,9.50,0.0,0.0,,17.5,57
18-104,"Lamb, best end neck cutlets, barbecued, lean, weighed with fat and bone",MAE,502,120,7.1,3.30,0.0,0.0,,14.1,42
18-107,"Lamb, best end neck cutlets, grilled, lean",MAE,995,238,13.8,6.50,0.0,0.0,,28.5,84
18-109,"Lamb, best end neck cutlets, grilled, lean and fat",MAE,1523,367,29.9,14.50,0.0,0.0,,24.5,81
18-110,"Lamb, best end neck cutlets, grilled, lean and fat, weighed with bone",MAE,1076,259,21.0,10.40,0.0,0.0,,17.6,58
18-108,"Lamb, best end neck cutlets, grilled, lean, weighed with fat and bone",MAE,477,114,6.6,3.10,0.0,0.0,,13.7,40
18-101,"Lamb, best end neck cutlets, raw, lean and fat",MAE,1309,316,27.9,13.60,0.0,0.0,,16.3,58
18-102,"Lamb, best end neck cutlets, raw, lean and fat, weighed with bone",MAE,957,231,20.4,9.90,0.0,0.0,,11.9,42
18-111,"Lamb, breast, raw, lean",MAE,748,179,11.2,5.20,0.0,0.0,,19.6,86
18-112,"Lamb, breast, raw, lean and fat",MAE,1189,287,24.7,11.90,0.0,0.0,,16.2,69
18-113,"Lamb, breast, roasted, lean",MAE,1138,273,18.5,8.60,0.0,0.0,0.0,26.7,93
18-114,"Lamb, breast, roasted, lean and fat",MAE,1487,359,29.9,14.30,0.0,0.0,0.0,22.4,85
18-117,"Lamb, chump chops, fried, lean",MAE,892,213,11.2,5.00,0.0,0.0,,28.1,74
18-119,"Lamb, chump chops, fried, lean and fat",MAE,1278,308,23.2,10.80,0.0,0.0,,24.7,72
18-120,"Lamb, chump chops, fried, lean and fat, weighed with bone",MAE,1063,256,19.3,9.00,0.0,0.0,,20.5,60
18-118,"Lamb, chump chops, fried, lean, weighed with fat and bone",MAE,564,135,7.1,3.20,0.0,0.0,,17.7,47
18-115,"Lamb, chump chops, raw, lean and fat",MAE,1007,242,18.8,8.80,0.0,0.0,,18.3,56
18-116,"Lamb, chump chops, raw, lean and fat, weighed with bone",MAE,877,211,16.4,7.60,0.0,0.0,,15.9,49
18-122,"Lamb, chump steaks, fried, lean and fat",MAE,1176,283,20.4,9.40,0.0,0.0,,24.8,71
18-121,"Lamb, chump steaks, raw, lean and fat",MAE,923,222,16.4,7.60,0.0,0.0,,18.6,56
18-100,"Lamb, fat, average, cooked",MAE,2345,568,56.3,28.40,0.0,0.0,0.0,15.4,72
18-098,"Lamb, fat, average, raw",MAE,2135,518,51.6,26.30,0.0,0.0,0.0,13.3,36
18-099,"Lamb, fat, raw, average, extra trimmed",MAE,2967,721,77.2,N,0.0,0.0,,6.5,N
18-475,"Lamb, lean only, raw, average",MAE,639,153,8.0,3.46,0.0,0.0,0.0,20.2,70
18-097,"Lamb, lean only, raw, average, extra trimmed",MAE,618,148,7.5,N,0.0,0.0,,20.0,N
18-124,"Lamb, leg chops, grilled, lean and fat",MAE,925,221,12.0,5.00,0.0,0.0,,28.3,71
18-125,"Lamb, leg chops, grilled, lean and fat, weighed with bone",MAE,778,186,10.1,4.20,0.0,0.0,,23.8,59
18-131,"Lamb, leg joint, roasted, lean",MAE,879,210,9.6,3.40,0.0,0.0,,30.8,82
18-132,"Lamb, leg joint, roasted, lean and fat",MAE,986,236,13.0,4.70,0.0,0.0,,29.7,82
18-133,"Lamb, leg steaks, grilled, lean",MAE,829,198,9.0,3.60,0.0,0.0,,29.2,70
18-134,"Lamb, leg steaks, grilled, lean and fat",MAE,964,231,13.2,5.50,0.0,0.0,,28.0,71
18-126,"Lamb, leg, half fillet, braised, lean",MAE,853,204,10.5,4.60,0.0,0.0,,27.3,58
18-127,"Lamb, leg, half fillet, braised, lean and fat",MAE,1068,256,17.1,7.70,0.0,0.0,,25.6,62
18-128,"Lamb, leg, half knuckle, pot-roasted, lean",MAE,844,201,9.3,3.90,0.0,0.0,,29.4,58
18-129,"Lamb, leg, half knuckle, pot-roasted, lean and fat",MAE,988,237,13.8,6.00,0.0,0.0,0.0,28.1,60
18-130,"Lamb, leg, half knuckle, pot-roasted, lean and fat, weighed with bone",MAE,722,173,10.1,4.40,0.0,0.0,,20.5,44
18-137,"Lamb, leg, whole, roasted well done, lean",MAE,873,208,9.2,3.70,0.0,0.0,,31.3,62
18-138,"Lamb, leg, whole, roasted well done, lean and fat",MAE,1010,242,13.6,5.70,0.0,0.0,,29.8,64
18-480,"Lamb, leg, whole, roasted, lean and fat",MAE,1003,240,14.2,5.93,0.0,0.0,0.0,28.1,64
18-479,"Lamb, leg, whole, roasted, lean only",MAE,853,203,9.4,3.80,0.0,0.0,0.0,29.7,63
18-141,"Lamb, loin chops, grilled, lean",MAE,892,213,10.7,4.90,0.0,0.0,0.0,29.2,80
18-477,"Lamb, loin chops, grilled, lean and fat",MAE,1268,305,22.1,10.50,0.0,0.0,0.0,26.5,81
18-496,"Lamb, loin chops, grilled, lean and fat, weighed with bone",MAE,1028,247,17.9,8.50,0.0,0.0,,21.5,66
18-142,"Lamb, loin chops, grilled, lean, weighed with fat and bone",MAE,543,130,6.5,3.00,0.0,0.0,,17.8,49
18-145,"Lamb, loin chops, microwaved, lean",MAE,1013,242,12.5,5.70,0.0,0.0,,32.4,75
18-147,"Lamb, loin chops, microwaved, lean and fat",MAE,1463,352,26.9,12.80,0.0,0.0,0.0,27.5,74
18-148,"Lamb, loin chops, microwaved, lean and fat, weighed with bone",MAE,1200,289,22.1,10.50,0.0,0.0,,22.5,60
18-146,"Lamb, loin chops, microwaved, lean, weighed with fat and bone",MAE,590,141,7.3,3.30,0.0,0.0,,18.8,44
18-476,"Lamb, loin chops, raw, lean and fat",MAE,1150,277,23.0,10.80,0.0,0.0,0.0,17.6,63
18-497,"Lamb, loin chops, raw, lean and fat, weighed with bone",MAE,895,216,17.9,8.40,0.0,0.0,,13.7,49
18-149,"Lamb, loin chops, roasted, lean",MAE,1077,257,13.3,6.10,0.0,0.0,0.0,34.4,91
18-151,"Lamb, loin chops, roasted, lean and fat",MAE,1490,359,26.9,12.80,0.0,0.0,0.0,29.1,85
18-152,"Lamb, loin chops, roasted, lean and fat, weighed with bone",MAE,1312,316,20.7,11.30,0.0,0.0,,22.4,75
18-150,"Lamb, loin chops, roasted, lean, weighed with fat and bone",MAE,602,144,7.4,3.40,0.0,0.0,,19.3,51
18-153,"Lamb, loin joint, raw, lean and fat",MAE,1272,307,26.6,12.60,0.0,0.0,,16.9,61
18-154,"Lamb, loin joint, raw, lean and fat, weighed with bone",MAE,979,236,20.5,9.70,0.0,0.0,,13.0,47
18-155,"Lamb, loin joint, roasted, lean",MAE,875,209,10.7,4.90,0.0,0.0,,28.2,76
18-156,"Lamb, loin joint, roasted, lean and fat",MAE,1259,303,22.4,10.60,0.0,0.0,,25.3,75
18-157,"Lamb, loin joint, roasted, lean and fat, weighed with bone",MAE,932,224,16.6,7.80,0.0,0.0,,18.7,76
18-481,"Lamb, mince, raw",MAE,817,196,13.3,6.20,0.0,0.0,0.0,19.1,69
18-159,"Lamb, mince, stewed",MAE,870,208,12.3,5.94,0.0,0.0,0.0,24.4,59
19-608,"Lamb, mince, stewed with onions",MR,539,129,8.5,3.34,2.8,0.6,0.4,10.6,317
18-160,"Lamb, neck fillet, raw, lean",MAE,844,203,13.9,6.40,0.0,0.0,,19.4,61
18-161,"Lamb, neck fillet, raw, lean and fat",MAE,964,232,17.6,8.30,0.0,0.0,,18.4,59
18-162,"Lamb, neck fillet, slices, grilled, lean",MAE,1181,284,19.1,8.70,0.0,0.0,,27.9,78
18-163,"Lamb, neck fillet, slices, grilled, lean and fat",MAE,1257,302,21.9,10.30,0.0,0.0,,26.3,76
18-164,"Lamb, neck fillet, strips, stir-fried  in corn oil, lean",MAE,1155,278,20.0,8.17,0.0,0.0,0.0,24.4,68
18-165,"Lamb, neck fillet, strips, stir-fried in corn oil, lean and fat",MAE,1249,301,23.1,9.90,0.0,0.0,,23.2,70
18-188,"Lamb, New Zealand, leg, whole, chilled, roasted, lean",MAE,867,207,10.2,4.40,0.0,0.0,,28.8,82
18-189,"Lamb, New Zealand, leg, whole, chilled, roasted, lean and fat",MAE,961,230,13.1,5.80,0.0,0.0,,28.0,82
18-190,"Lamb, New Zealand, leg, whole, frozen, raw, lean and fat, weighed with bone",MAE,666,160,11.1,3.70,0.0,0.0,,15.0,44
18-191,"Lamb, New Zealand, leg, whole, frozen, roasted, lean",MAE,864,206,9.3,4.00,0.0,0.0,,30.6,62
18-192,"Lamb, New Zealand, leg, whole, frozen, roasted, lean and fat",MAE,1015,243,14.1,6.50,0.0,0.0,,29.0,63
18-193,"Lamb, New Zealand, leg, whole, frozen, roasted, lean and fat, weighed with bone",MAE,742,178,10.3,4.90,0.0,0.0,,21.2,47
18-194,"Lamb, New Zealand, loin chops, frozen, grilled, lean",MAE,1041,249,13.7,6.20,0.0,0.0,,31.4,80
18-196,"Lamb, New Zealand, loin chops, frozen, grilled, lean and fat",MAE,1512,364,28.5,13.50,0.0,0.0,,26.9,76
18-197,"Lamb, New Zealand, loin chops, frozen, grilled, lean and fat, weighed with bone",MAE,1193,287,22.5,10.70,0.0,0.0,,21.2,60
18-195,"Lamb, New Zealand, loin chops, frozen, grilled, lean, weighed with fat and bone",MAE,614,147,8.1,3.70,0.0,0.0,,18.5,60
18-198,"Lamb, New Zealand, mince, frozen, stewed",MAE,1010,243,17.7,8.80,0.0,0.0,,20.9,75
18-199,"Lamb, New Zealand, shoulder, whole, frozen, roasted, lean",MAE,1046,251,15.6,7.10,0.0,0.0,,27.6,81
18-200,"Lamb, New Zealand, shoulder, whole, frozen, roasted, lean and fat",MAE,1451,350,27.9,13.30,0.0,0.0,,24.6,79
18-168,"Lamb, rack of, lean, roasted",MAE,942,225,13.0,6.20,0.0,0.0,,27.1,77
18-166,"Lamb, rack of, raw, lean and fat",MAE,1175,283,23.8,11.50,0.0,0.0,,17.3,61
18-167,"Lamb, rack of, raw, lean and fat, weighed with bone",MAE,843,204,17.1,8.30,0.0,0.0,,12.5,44
18-169,"Lamb, rack of, roasted, lean and fat",MAE,1505,363,30.1,14.80,0.0,0.0,,23.0,75
18-177,"Lamb, shoulder joint, roasted, lean",MAE,982,235,13.5,6.20,0.0,0.0,,28.4,75
18-178,"Lamb, shoulder joint, roasted, lean and fat",MAE,1173,282,19.8,9.30,0.0,0.0,,25.9,74
18-172,"Lamb, shoulder, diced, kebabs, grilled, lean and fat",MAE,1199,288,19.3,9.00,0.0,0.0,0.0,28.5,87
18-173,"Lamb, shoulder, half bladeside, pot-roasted, lean",MAE,975,234,14.3,6.40,0.0,0.0,,26.2,68
18-174,"Lamb, shoulder, half bladeside, pot-roasted, lean and fat",MAE,1347,324,25.6,12.00,0.0,0.0,,23.5,71
18-175,"Lamb, shoulder, half knuckle, braised, lean",MAE,886,212,12.4,5.40,0.0,0.0,,25.1,76
18-176,"Lamb, shoulder, half knuckle, braised, lean and fat",MAE,1255,302,23.4,10.80,0.0,0.0,,22.9,76
18-170,"Lamb, shoulder, raw, lean and fat",MAE,976,235,18.3,8.50,0.0,0.0,,17.6,63
18-171,"Lamb, shoulder, raw, lean and fat, weighed with bone",MAE,780,188,14.6,6.80,0.0,0.0,,14.1,50
18-179,"Lamb, shoulder, whole, roasted, lean",MAE,910,218,12.1,5.50,0.0,0.0,0.0,27.2,80
18-180,"Lamb, shoulder, whole, roasted, lean and fat",MAE,1238,298,22.1,10.40,0.0,0.0,0.0,24.7,80
18-181,"Lamb, shoulder, whole, roasted, lean and fat, weighed with bone",MAE,979,235,17.5,8.20,0.0,0.0,,19.5,63
18-184,"Lamb, stewing, pressure cooked, lean",MAE,1036,248,14.8,6.50,0.0,0.0,,28.7,65
18-185,"Lamb, stewing, pressure cooked, lean and fat",MAE,1210,291,20.9,9.60,0.0,0.0,,25.7,63
18-182,"Lamb, stewing, raw, lean and fat",MAE,849,203,12.6,5.90,0.0,0.0,,22.5,66
18-183,"Lamb, stewing, raw, lean and fat, weighed with bone",MAE,568,136,8.4,3.90,0.0,0.0,,15.1,44
18-186,"Lamb, stewing, stewed, lean",MAE,1000,240,14.8,6.50,0.0,0.0,0.0,26.6,49
18-187,"Lamb, stewing, stewed, lean and fat",MAE,1159,279,20.1,9.20,0.0,0.0,0.0,24.4,50
19-600,"Lamb's heart casserole, homemade",MR,652,161,8.1,2.91,9.9,0.6,N,11.8,412
19-601,"Lancashire hotpot, homemade",MR,500,119,6.9,2.96,7.4,1.4,1.1,7.3,115
16-425,"Langoustine, boiled",JK,369,86,0.8,0.15,0.0,0.0,0.0,19.7,216
17-010,Lard,OF,3663,891,99.0,40.30,0.0,0.0,0.0,Tr,2
19-481,"Lasagne, homemade",MR,756,180,9.6,4.18,15.2,2.8,1.0,9.6,235
19-482,"Lasagne, homemade, with extra lean minced beef",MR,671,160,7.0,3.13,15.2,2.8,1.0,10.1,237
19-523,"Lasagne, retail, reheated",MR,603,143,6.1,2.80,15.7,3.0,1.7,7.4,210
15-186,"Lasagne, spinach, wholemeal, homemade",DR,395,93,3.1,1.30,13.0,2.2,,4.2,130
15-651,"Lasagne, vegetable, retail",DR,492,117,5.3,N,13.4,4.4,N,4.8,210
15-188,"Lasagne, vegetable, wholemeal, homemade",DR,447,106,4.6,2.20,12.4,3.0,,4.8,110
12-373,"Lassi, sweetened",BN,274,65,0.9,0.59,12.3,11.9,0.0,2.6,45
15-190,Laverbread,DR,217,52,3.7,N,1.6,Tr,,3.2,560
15-813,"Leeks in cheese sauce, made with semi-skimmed milk, homemade",DR,343,82,5.5,3.22,4.6,2.6,1.4,4.0,90
15-814,"Leeks in cheese sauce, made with skimmed milk, homemade",DR,328,79,5.0,2.94,4.6,2.6,1.4,4.0,91
15-815,"Leeks in cheese sauce, made with whole milk, homemade",DR,364,87,6.0,3.59,4.5,2.5,1.2,4.0,90
13-625,"Leeks, boiled in unsalted water",DG,68,16,0.2,0.03,2.5,2.3,1.9,1.2,1
13-624,"Leeks, raw",DG,99,23,0.2,0.04,4.1,3.8,2.8,1.5,Tr
13-626,"Leeks, roasted in rapeseed oil",DG,171,41,1.9,0.15,4.5,4.2,3.1,1.7,Tr
19-602,"Lemon chicken, homemade",MR,631,150,6.2,0.57,7.1,3.3,Tr,16.9,50
17-762,Lemon curd,SC,1126,266,4.9,1.52,58.4,52.5,N,0.6,65
17-806,"Lemon curd, homemade",S,1473,350,16.0,9.10,50.7,50.7,N,4.2,168
14-277,"Lemon juice, fresh",PE,31,7,Tr,Tr,1.6,1.6,N,0.3,1
14-278,"Lemon juice, fresh, weighed as whole fruit",FC,11,2,Tr,Tr,0.6,0.6,,0.1,Tr
14-337,Lemon peel,FA,N,N,0.3,0.10,N,N,10.6,1.5,6
16-380,"Lemon sole, flesh only, grilled",JA,388,91,0.6,0.16,0.0,0.0,0.0,21.5,151
16-379,"Lemon sole, flesh only, raw",JA,310,73,0.7,0.16,0.0,0.0,0.0,16.7,115
16-478,"Lemon sole, flesh only, steamed",JA,402,95,0.9,0.21,0.0,0.0,0.0,21.7,150
16-496,"Lemon sole, flesh only, steamed, weighed with bones and skin",JA,310,73,0.7,0.16,0.0,0.0,0.0,16.7,115
16-087,"Lemon sole, goujons, baked",JA,775,187,14.6,0.00,14.7,0.9,,16.0,200
17-179,Lemonade,PCA,93,22,0.0,0.00,5.8,5.8,0.0,Tr,7
17-807,"Lemonade, homemade",PCC,268,63,Tr,Tr,16.7,16.7,0.1,Tr,1
14-130,"Lemons, flesh only, raw, weighed with peel and pips",FA,38,9,0.2,0.10,1.4,1.4,,0.5,2
14-129,"Lemons, peeled, flesh only",FA,60,14,0.3,0.10,2.2,2.2,,0.8,3
14-128,"Lemons, whole, without pips",FA,79,19,0.3,0.10,3.2,3.2,N,1.0,5
15-200,"Lentil and nut roast, homemade",DR,929,222,12.1,1.80,18.8,2.7,,10.6,260
15-201,"Lentil and nut roast, with egg, homemade",DR,914,218,12.1,1.90,17.6,2.6,,10.8,250
15-817,"Lentil and potato pie, homemade",DR,469,111,2.2,0.40,18.6,1.4,N,5.3,312
15-818,"Lentil and rice roast, homemade",DR,555,131,1.8,0.19,25.2,1.1,N,5.1,126
15-819,"Lentil and rice roast, with egg, homemade",DR,557,131,2.1,0.29,24.1,1.1,N,5.5,127
15-820,"Lentil cutlets, fried in vegetable oil, homemade",DR,838,199,8.3,0.57,24.2,1.2,N,8.5,25
15-821,"Lentil pie, homemade",DR,740,175,4.3,0.28,29.1,4.2,N,6.9,84
15-198,"Lentil roast, homemade",DR,588,139,3.0,0.40,21.9,2.5,,7.7,280
15-199,"Lentil roast, with egg, homemade",DR,596,141,3.6,0.60,20.3,2.3,,8.2,270
13-661,"Lentils, green and brown, whole, dried, boiled in unsalted water",DB,391,92,0.7,0.1,14.5,0.2,7.4,7.8,Tr
13-089,"Lentils, green and brown, whole, dried, raw",DB,1264,297,1.9,0.20,48.8,1.2,,24.3,12
13-658,"Lentils, red, split, dried, boiled in unsalted water",DB,434,102,0.7,Tr,16.9,0.4,6.3,8.1,Tr
13-657,"Lentils, red, split, dried, raw",DB,1321,311,1.8,0.28,51.2,1.3,17.4,25.6,Tr
13-520,"Lettuce, average, raw",DG,48,11,0.1,0.03,1.4,1.4,1.5,1.2,9
17-201,"Lime juice cordial, diluted",PCC,96,22,0.0,0.00,6.0,6.0,,Tr,2
17-200,"Lime juice cordial, undiluted",PCC,479,112,0.0,0.00,29.8,29.8,0.0,0.1,8
14-279,"Lime juice, fresh",FC,36,9,0.1,Tr,1.6,1.6,,0.4,1
14-131,"Limes, flesh only",FA,36,9,0.3,0.10,0.8,0.8,,0.7,2
14-132,"Limes, flesh only, weighed with peel and pips",FA,25,6,0.2,Tr,0.6,0.6,,0.5,1
16-091,"Ling, raw",JA,346,82,0.7,N,0.0,0.0,,18.8,120
17-768,"Liqueurs, cream",QI,1272,305,13.0,8.20,21.8,21.8,0.0,3.0,89
17-244,"Liqueurs, high strength",QI,1313,314,0.0,0.00,24.4,24.4,0.0,Tr,6
17-245,"Liqueurs, low-medium strength",QI,1099,262,0.0,0.00,32.8,32.8,0.0,Tr,12
17-777,Liquorice allsorts,SEC,1483,349,5.2,3.60,76.7,62.4,N,3.7,57
13-833,Liquorice powder,H,N,N,1.7,N,N,N,,6.3,N
19-603,"Liver and bacon, fried, homemade",MR,1031,247,14.7,N,Tr,0.0,Tr,28.9,347
19-604,"Liver and onions, stewed, homemade",MR,592,142,6.9,1.34,5.4,4.3,1.5,14.7,53
19-106,Liver sausage,MI,942,226,16.7,5.30,6.0,1.0,N,13.4,810
18-410,"Liver, calf, fried in corn oil",MG,734,176,9.6,N,Tr,0.0,0.0,22.3,70
18-409,"Liver, calf, raw",MG,437,104,3.4,1.00,Tr,0.0,,18.3,71
18-412,"Liver, chicken, fried in corn oil",MG,705,169,8.9,N,Tr,0.0,0.0,22.1,79
18-411,"Liver, chicken, raw",MG,386,92,2.3,0.70,Tr,0.0,,17.7,76
18-494,"Liver, lamb, fried in corn oil",MG,989,237,12.9,N,Tr,0.0,0.0,30.1,82
18-413,"Liver, lamb, raw",MG,575,137,6.2,1.70,Tr,0.0,,20.3,73
18-415,"Liver, ox, raw",MG,647,155,7.8,2.90,Tr,0.0,,21.1,81
18-416,"Liver, ox, stewed",MG,831,198,9.5,3.50,3.6,Tr,0.0,24.8,110
18-417,"Liver, pig, raw",MG,477,113,3.1,1.00,Tr,0.0,,21.3,82
18-418,"Liver, pig, stewed",MG,793,189,8.1,2.50,3.6,0.0,0.0,25.6,130
16-332,"Lobster, boiled",JK,435,103,1.6,0.20,Tr,Tr,,22.1,330
16-343,"Lobster, boiled, weighed with shell",JK,157,37,0.6,0.10,Tr,Tr,,8.0,120
14-133,"Loganberries, raw",FA,73,17,Tr,N,3.4,3.4,,1.1,3
14-134,"Loganberries, stewed with sugar",FA,214,50,Tr,Tr,12.5,12.5,,0.8,2
14-135,"Loganberries, stewed without sugar",FA,62,14,Tr,Tr,2.9,2.9,,0.9,2
12-390,"Lollies, containing ice-cream",BP,499,118,3.8,2.07,20.9,20.9,Tr,1.4,31
12-389,"Lollies, with real fruit juice",BP,310,73,0.3,N,18.6,17.8,Tr,0.1,11
14-138,"Longans, canned in syrup, drained",FA,276,67,0.3,0.10,17.1,17.0,,0.4,53
14-139,"Longans, canned in syrup, whole contents",FA,264,63,0.2,Tr,16.5,16.4,,0.3,41
14-137,"Longans, flesh only, dried",FA,1197,286,0.4,0.10,72.0,71.5,,4.9,48
14-140,"Loquats, flesh only, raw",FA,115,28,0.2,Tr,6.3,6.3,,0.7,1
13-271,"Lotus tubers, raw",DG,216,51,0.1,Tr,11.0,5.5,,2.1,29
17-761,Lucozade,PCA,256,60,0.0,0.00,16.0,11.1,0.0,Tr,26
19-136,"Luncheon meat, Chinese, steamed",MI,1195,288,22.3,N,10.5,N,,11.9,680
14-143,"Lychees, flesh only, raw, weighed with skin and stone",FA,155,36,0.1,Tr,8.9,8.9,,0.5,1
14-142,"Lychees, raw, flesh only",FA,248,58,0.1,Tr,14.3,14.3,N,0.9,1
14-891,"Macadamia nuts, salted",G,3082,748,77.6,11.20,4.8,4.0,N,7.9,400
11-954,"Macaroni cheese, homemade",AD,768,183,8.6,4.47,19.8,2.8,1.1,7.8,149
12-951,"Macaroon, homemade",CDH,1857,442,17.8,1.41,64.0,62.0,N,9.9,58
13-834,"Mace, ground",H,N,N,32.4,9.50,N,N,,6.7,80
16-394,"Mackerel, flesh only, grilled",JC,1174,283,22.4,5.10,0.0,0.0,0.0,20.3,163
16-479,"Mackerel, flesh only, grilled, fillets weighed with bones and skin",JC,1152,278,22.0,5.00,0.0,0.0,0.0,19.9,160
16-393,"Mackerel, flesh only, raw",JC,968,233,17.9,3.85,0.0,0.0,0.0,18.0,153
16-414,"Mackerel, flesh only, smoked",JC,1250,301,24.1,5.04,0.0,0.0,0.0,21.1,746
17-651,Maltesers and similar products,SEA,1998,476,23.3,14.16,63.0,55.5,1.7,7.6,156
14-145,"Mammie apple, flesh only",FA,254,60,0.4,N,14.4,14.4,,0.5,15
14-146,"Mandarin oranges, canned in juice, whole contents",FA,135,32,Tr,Tr,7.7,7.7,N,0.7,6
13-273,"Mango, unripe, green flesh, raw",DG,195,46,0.2,0.10,11.2,5.6,,0.5,25
14-378,"Mangoes, ripe, flesh only, raw",FA,205,48,0.6,0.15,10.7,10.4,1.1,0.7,4
14-379,"Mangoes, ripe, flesh only, raw, weighed with skin and stone",FA,128,30,0.4,0.09,6.7,6.5,0.7,0.4,2
14-151,"Mangosteen, flesh only",FA,307,73,0.5,N,16.4,16.1,,0.6,1
13-835,"Marjoram, dried",H,1136,271,7.0,N,42.5,N,,12.7,77
17-078,Marmalade,SC,1114,261,0.0,0.00,69.5,69.5,0.5,0.1,64
13-276,"Marrow, boiled in unsalted water",DG,38,9,0.2,Tr,1.6,1.4,,0.4,1
13-277,"Marrow, parwal, raw",DG,61,14,Tr,Tr,2.1,0.8,,1.6,4
13-274,"Marrow, raw",DG,51,12,0.2,Tr,2.2,2.1,,0.5,1
17-668,Mars bar and own brand equivalents,SEA,1703,404,15.3,7.31,66.6,63.3,1.5,4.1,174
17-114,Marshmallows,SEC,1396,327,0.0,0.00,83.1,64.5,0.0,3.9,29
14-893,"Marzipan, homemade",GA,1928,460,25.7,2.17,50.1,48.7,N,10.4,22
14-875,"Marzipan, white and yellow, retail",GA,1642,389,12.7,1.03,67.6,67.6,2.4,5.3,20
13-588,"Matoki, boiled in unsalted water",DG,387,91,0.2,0.10,22.3,0.6,N,1.3,2
13-279,"Matoki, raw",DG,385,90,0.2,0.10,22.3,0.9,,1.2,2
17-809,"Mayonnaise, homemade",WC,3232,786,84.2,12.20,0.1,0.1,Tr,1.7,19
17-679,"Mayonnaise, reduced fat",WCG,1188,288,28.1,2.12,8.2,4.6,0.0,1.0,N
17-654,"Mayonnaise, standard, retail",WCG,2824,686,74.8,5.65,2.4,2.4,0.0,1.1,131
15-822,"Mchicha, homemade",DR,303,73,4.7,0.35,4.0,3.0,N,3.6,171
19-605,"Meat loaf, homemade",MR,894,213,10.9,4.01,12.7,1.5,0.4,16.6,154
19-326,"Meat samosas, takeaway",MR,1136,272,17.3,4.45,18.9,1.9,N,11.4,409
19-506,Meat spread,MI,800,192,13.4,5.50,2.3,0.2,2.2,15.7,580
19-613,"Meatballs, pork and beef, in tomato sauce, homemade",MR,515,123,7.2,2.69,4.6,2.8,0.9,10.0,60
14-152,"Medlars, flesh only",FA,178,42,Tr,Tr,10.6,10.6,,0.5,6
14-826,Melon seeds,GA,2418,583,47.7,12.00,9.9,N,,28.5,99
14-339,"Melon, Canteloupe-type, flesh only",FA,81,19,0.1,Tr,4.2,4.2,1.8,0.6,8
14-352,"Melon, Canteloupe-type, flesh only, weighed whole",FA,51,12,0.1,Tr,2.5,2.5,1.1,0.4,5
14-353,"Melon, Canteloupe-type, flesh only, weighed with skin",FA,55,13,0.1,Tr,2.8,2.8,1.2,0.4,5
14-354,"Melon, flesh only, average",FA,100,24,0.1,Tr,5.5,5.5,1.3,0.5,17
14-355,"Melon, flesh only, average, weighed whole",FA,65,15,0.1,Tr,3.5,3.5,0.8,0.3,11
14-356,"Melon, flesh only, average, weighed with skin",FA,68,16,0.1,Tr,3.7,3.7,0.9,0.3,11
14-159,"Melon, Galia, flesh only",FA,102,24,0.1,Tr,5.6,5.6,N,0.5,31
14-160,"Melon, Galia, flesh only, weighed whole",FA,66,16,0.1,Tr,3.6,3.6,,0.3,20
14-161,"Melon, Galia, flesh only, weighed with skin",FA,70,16,0.1,Tr,3.8,3.8,,0.3,21
14-357,"Melon, Honeydew, flesh only, weighed whole",FA,70,17,0.1,0.02,4.0,4.0,0.4,0.3,6
14-358,"Melon, Honeydew, flesh only, weighed with skin",FA,74,18,0.1,0.02,4.3,4.3,0.4,0.3,7
14-296,"Melon, watermelon, flesh only",FA,133,31,0.3,0.10,7.1,7.1,N,0.5,2
14-309,"Melon, watermelon, flesh only, weighed whole",FA,77,18,0.2,Tr,4.0,4.0,,0.3,1
14-328,"Melon, yellow flesh, flesh only",FA,122,29,0.1,0.03,6.8,6.8,0.7,0.5,11
12-517,"Meringue, homemade",BR,1643,385,Tr,Tr,96.0,96.0,0.0,6.3,113
12-585,"Meringue, with cream, homemade",BR,1379,331,24.2,15.14,27.2,27.2,0.0,2.9,45
15-628,"Methi aloo, homemade",DR,592,142,10.4,1.06,10.1,1.5,2.9,2.7,537
11-1091,"Milk bread, homemade",AF,1221,289,7.0,2.47,50.8,2.1,2.0,8.8,76
12-513,"Milk drink, fermented, with probiotics",BH,299,70,1.2,0.78,12.7,12.3,0.1,3.0,20
17-733,"Milk shake, powder",PAA,1654,388,1.6,N,98.3,98.3,0.0,1.3,20
12-589,"Milk shake, powder, made up with semi-skimmed milk",BH,297,70,1.7,N,11.2,11.2,0.0,3.3,41
12-590,"Milk shake, powder, made up with skimmed milk",BH,250,59,0.3,N,11.3,11.3,0.0,3.3,43
12-591,"Milk shake, powder, made up with whole milk",BH,362,86,3.5,N,11.1,11.1,0.0,3.3,40
12-512,"Milk, 1% fat, pasteurised",BA,173,41,1.0,0.60,4.8,4.8,0.0,3.5,44
12-321,"Milk, Channel Islands, whole, pasteurised",BAB,302,72,4.7,3.02,4.3,4.3,0.0,3.5,39
12-322,"Milk, Channel islands, whole, summer",BAB,306,73,4.7,2.99,4.1,4.1,0.0,3.9,39
12-323,"Milk, Channel islands, whole, winter",BAB,299,72,4.7,3.25,4.4,4.4,0.0,3.2,39
12-520,"Milk, condensed, whole, sweetened",BAR,1310,310,8.0,4.99,55.5,55.5,0.0,7.4,90
12-324,"Milk, evaporated, light",BAR,449,107,4.1,2.50,10.3,10.3,0.0,7.8,115
12-522,"Milk, evaporated, whole",BAR,694,166,9.4,5.90,12.7,12.7,0.0,8.4,180
12-535,"Milk, flavoured, pasteurised, chocolate",BAR,305,72,1.5,0.99,11.7,11,0.0,3.6,45
12-326,"Milk, flavoured, pasteurised, strawberry, banana",BAR,270,64,1.5,1.02,9.6,8.9,0.0,3.6,52
12-328,"Milk, goats, pasteurised",BC,260,62,3.7,2.37,4.4,4.4,0.0,3.1,42
12-038,"Milk, human, colostrum",BC,236,56,2.6,1.10,6.6,6.6,,2.0,47
12-536,"Milk, human, mature",BC,289,69,4.1,1.92,7.2,7.2,0.0,1.3,15
12-039,"Milk, human, transitional",BC,281,67,3.7,1.50,6.9,6.9,,1.5,30
12-313,"Milk, semi-skimmed, pasteurised, average",BAH,195,46,1.7,1.07,4.7,4.7,0.0,3.5,43
12-418,"Milk, semi-skimmed, pasteurised, summer and autumn",BAH,194,46,1.7,1.01,4.5,4.5,0.0,3.5,43
12-419,"Milk, semi-skimmed, pasteurised, winter and spring",BAH,196,47,1.7,0.98,4.9,4.9,0.0,3.4,43
12-314,"Milk, semi-skimmed, UHT",BAH,194,46,1.6,1.10,4.9,4.9,0.0,3.3,50
12-329,"Milk, sheeps, raw",BC,388,93,5.8,3.58,5.1,5.1,0.0,5.4,44
12-521,"Milk, skimmed, dried, fortified",BAR,1482,348,0.6,0.40,52.9,52.9,0.0,36.1,550
12-307,"Milk, skimmed, pasteurised, average",BAE,144,34,0.3,0.13,4.8,4.8,0.0,3.5,44
12-308,"Milk, skimmed, pasteurised, summer",BAE,137,32,0.2,0.10,4.4,4.4,N,3.5,49
12-309,"Milk, skimmed, pasteurised, winter",BAE,134,32,0.2,0.10,4.2,4.2,0.0,3.5,42
12-554,"Milk, skimmed, UHT",BAE,140,33,0.1,N,4.9,4.9,0.0,3.4,40
12-523,"Milk, soya, non-dairy alternative to milk, sweetened, fortified",BC,182,43,2.4,0.38,2.5,2.2,0.5,3.1,56
12-524,"Milk, soya, non-dairy alternative to milk, unsweetened, fortified",BC,108,26,1.6,0.24,0.5,0.2,0.5,2.4,Tr
12-596,"Milk, whole, pasteurised, average",BAK,265,63,3.6,2.29,4.6,4.6,0.0,3.4,42
12-598,"Milk, whole, pasteurised, summer and autumn",BAK,257,61,3.6,2.29,4.1,4.1,0.0,3.4,45
12-597,"Milk, whole, pasteurised, winter and spring",BAK,270,64,3.6,2.29,5.0,5.0,0.0,3.3,40
12-320,"Milk, whole, UHT",BAK,276,66,3.9,2.36,4.8,4.8,0.0,3.2,55
12-327,"Milkshake, thick, takeaway",BAR,374,88,1.8,1.21,15.3,11.1,Tr,3.7,57
17-669,Milky Way and own brand equivalents,SEA,1872,444,15.7,7.73,76.6,69.7,1.0,3.8,220
11-1092,"Mince pies, homemade, individual",AP,1829,436,23.5,N,55.5,29.0,N,4.2,162
11-848,"Mince pies, retail",AS,1588,377,14.9,5.97,60.7,35.5,2.6,3.8,101
17-765,Mincemeat,SC,1163,274,4.3,N,62.1,62.1,N,0.6,18
17-852,"Mincemeat, vegetarian, homemade",S,1285,306,9.5,4.40,43.8,42.5,N,1.7,60
11-825,"Minibreads, toasted, retail",AM,1784,423,13.6,3.22,68.9,3.3,4.2,10.5,865
17-707,Mint sauce,WCN,432,101,Tr,Tr,21.5,21.5,N,1.6,480
17-811,"Mint sauce, homemade",WC,358,85,0.1,Tr,19.4,N,N,0.8,5
13-837,"Mint, dried",H,1180,279,4.6,N,34.6,N,,24.8,98
13-836,"Mint, fresh",H,181,43,0.7,N,5.3,N,N,3.8,15
13-886,Mixed curry spices,H,N,N,13.3,N,N,N,N,13.2,1154
13-884,"Mixed herbs, dried",H,1092,261,8.5,N,36.3,N,N,12.1,81
17-059,Molasses,SC,1115,266,0.1,Tr,68.8,59.4,,0.0,37
16-093,"Monkfish, flesh only, grilled",JA,407,96,0.6,0.10,0.0,0.0,,22.7,26
16-094,"Monkfish, flesh only, grilled, weighed with bones",JA,314,74,0.4,0.10,0.0,0.0,,17.5,20
16-092,"Monkfish, flesh only, raw",JA,282,66,0.4,0.10,0.0,0.0,,15.7,18
11-912,"Mooli paratha, homemade",AF,727,171,2.3,0.41,33.8,1.8,4.8,5.9,395
19-609,"Moussaka, homemade",MR,518,128,8.0,3.39,4.5,2.7,N,8.5,72
19-507,"Moussaka, retail, reheated",MR,586,140,8.3,2.90,8.6,2.0,1.9,8.3,280
15-734,"Moussaka, vegetable, homemade",DR,552,133,8.6,2.40,8.7,2.4,N,4.4,68
15-652,"Moussaka, vegetable, retail",DR,410,98,4.9,N,8.0,4.5,N,5.9,210
12-401,"Mousse, chocolate, low fat",BR,518,123,3.7,2.54,18.0,15.8,N,5.5,69
12-402,"Mousse, fruit",BR,601,143,6.4,4.11,18.0,18.0,N,4.5,62
11-781,"Muesli, Swiss style, no added sugar or salt, unfortified",AI,1516,357,5.9,1.19,70.7,13.0,8.5,9.8,66
11-780,"Muesli, Swiss style, unfortified",AI,1551,366,6.3,1.27,72.6,21.3,8.8,9.2,138
11-1094,"Muffins, American style, chocolate chip, homemade",AN,1613,384,17.5,10.37,53.6,28.2,1.3,6.3,263
11-737,"Muffins, American, chocolate, retail",AN,1825,436,25.4,4.83,49.5,30.9,1.0,5.5,396
11-738,"Muffins, American, not chocolate, retail",AN,1571,375,19.5,2.40,47.8,27.7,1.8,5.0,250
11-1095,"Muffins, bran, homemade",AP,1111,263,7.0,3.50,44.5,17.3,9.2,8.2,351
11-541,"Muffins, English style, white",AP,948,223,1.9,0.38,44.2,3.4,2.6,10.0,431
11-542,"Muffins, English style, white, toasted",AP,1108,261,2.7,0.43,51.0,3.8,3.0,11.3,493
14-168,"Mulberries, whole fruit, raw",FA,152,36,Tr,N,8.1,8.1,,1.3,2
14-169,"Mulberries, whole fruit, stewed with sugar",FA,276,65,Tr,Tr,16.2,16.2,,1.0,1
14-170,"Mulberries, whole fruit, stewed without sugar",FA,129,30,Tr,Tr,6.9,6.9,,1.1,1
16-096,"Mullet, Grey, flesh only, grilled",JA,629,150,5.2,1.40,0.0,0.0,,25.7,84
16-095,"Mullet, Grey, flesh only, raw",JA,485,115,4.0,1.10,0.0,0.0,,19.8,65
16-097,"Mullet, Grey, grilled, weighed with bones and skin",JA,346,82,2.9,0.80,0.0,0.0,,14.1,46
16-099,"Mullet, Red, flesh only, grilled",JA,510,121,4.4,N,0.0,0.0,,20.4,110
16-100,"Mullet, Red, flesh only, grilled, weighed with bones and skin",JA,240,57,2.1,N,0.0,0.0,,9.6,50
16-098,"Mullet, Red, flesh only, raw",JA,459,109,3.8,N,0.0,0.0,,18.7,91
17-416,"Mushroom, dried",DI,669,159,6.0,1.20,4.8,3.6,,21.8,60
13-288,"Mushrooms, Chinese, dried, raw",DG,1188,284,1.8,N,59.9,N,,10.0,38
13-289,"Mushrooms, Jew's ear, tender, dried, raw",DG,1167,279,1.0,N,62.4,N,,6.9,63
13-290,"Mushrooms, Jew's ear, tender, dried, soaked, raw",DG,121,29,0.7,N,5.7,N,,0.7,1
13-291,"Mushrooms, Jew's ear, tough, dried, raw",DG,1360,325,2.0,N,68.7,N,,4.8,130
13-292,"Mushrooms, Jew's ear, tough, dried, soaked, raw",DG,318,76,0.2,N,15.1,N,,1.1,35
13-293,"Mushrooms, oyster, raw",DG,35,8,0.2,Tr,Tr,Tr,,1.6,77
13-295,"Mushrooms, shiitake, cooked",DG,232,55,0.2,0.10,12.3,N,,1.6,4
13-294,"Mushrooms, shiitake, dried, raw",DG,1238,296,1.0,0.20,63.9,N,,9.6,13
13-546,"Mushrooms, white, fried in corn oil",DG,437,106,11.0,1.60,0.4,0.4,1.0,1.4,6
13-507,"Mushrooms, white, fried in rapeseed oil",DG,437,106,11.0,0.75,0.4,0.4,1.0,1.4,6
13-545,"Mushrooms, white, fried in salted butter",DG,437,106,11.0,7.36,0.4,0.4,1.0,1.4,150
13-505,"Mushrooms, white, raw",DG,29,7,0.2,0.04,0.3,0.3,0.7,1.0,4
13-506,"Mushrooms, white, stewed in unsalted water",DG,37,9,0.3,0.08,0.1,Tr,2.6,1.4,3
16-411,"Mussels in white wine sauce, cooked",JM,347,82,3.2,1.26,3.7,0.8,Tr,9.7,608
16-390,"Mussels, purchased cooked",JM,438,104,2.2,0.34,3.5,Tr,0.0,17.7,401
16-497,"Mussels, raw",JM,312,74,1.8,0.40,2.5,Tr,0.0,12.1,290
13-297,"Mustard and cress, raw",DG,56,13,0.6,Tr,0.4,0.4,N,1.6,19
13-299,"Mustard leaves, boiled in unsalted water",DG,73,17,0.2,Tr,1.9,0.5,,2.0,16
13-298,"Mustard leaves, raw",DG,115,27,0.3,Tr,3.6,0.8,,2.5,25
17-362,Mustard powder,WY,1884,452,28.7,1.50,20.7,N,N,28.9,5
13-839,Mustard seeds,H,N,N,28.8,1.50,N,N,,24.9,5
17-363,"Mustard, powder, made up",WY,942,226,14.4,0.80,10.4,N,,14.5,3
17-364,"Mustard, smooth",WY,579,139,8.2,0.50,9.7,7.8,N,7.1,2950
17-365,"Mustard, wholegrain",WY,584,140,10.2,0.60,4.2,3.9,N,8.2,1620
14-380,"Nectarines, flesh and skin, raw",FA,184,43,0.3,0.02,9.8,9.8,1.3,1,Tr
14-381,"Nectarines, flesh and skin, raw, weighed with stones",FA,170,40,0.3,0.02,9,9,1.2,0.9,Tr
11-719,"Noodles, egg, dried, raw",AD,1440,338,2.0,0.31,72.6,1.7,N,12.0,500
11-941,"Noodles, egg, fine, dried, boiled in unsalted water",AD,549,129,0.8,0.12,27.5,Tr,2.3,4.7,109
11-1096,"Noodles, egg, fried with spring onions, homemade",AD,1026,244,12.2,0.88,30.5,0.2,N,5.0,120
11-724,"Noodles, egg, medium, dried, boiled in unsalted water",AD,707,166,1.0,0.15,35.7,Tr,3.0,5.8,141
11-942,"Noodles, egg, thick, dried, boiled in unsalted water",AD,608,143,0.9,0.13,30.7,Tr,2.6,5.0,121
11-725,"Noodles, rice, fine, dried, boiled in unsalted water",AD,381,89,0.2,0.05,21.3,Tr,1.1,1.9,4
17-814,"Nougat, homemade",SEC,1747,413,10.2,1.61,80.0,79.6,1.1,5.2,115
15-216,"Nut and rice roast, mixed nuts with egg, homemade",DR,1391,333,21.9,3.50,23.5,2.7,,12.1,420
15-215,"Nut and rice roast, mixed nuts, homemade",DR,1442,346,22.6,3.50,25.2,2.9,,12.0,440
15-218,"Nut and seed roast, mixed nuts and sunflower seeds with egg, homemade",DR,1397,335,23.9,3.40,18.1,2.7,,13.0,300
15-217,"Nut and seed roast, mixed nuts and sunflower seeds, homemade",DR,1454,349,24.9,3.40,19.6,2.9,,12.9,310
15-220,"Nut and vegetable roast, mixed nuts with egg, homemade",DR,1269,304,21.2,3.30,18.3,3.6,,11.3,290
15-219,"Nut and vegetable roast, mixed nuts, homemade",DR,1311,314,21.9,3.20,19.6,3.8,,11.1,300
15-208,"Nut croquettes, fried in sunflower oil, homemade",DR,1461,351,26.2,3.60,21.6,2.5,,9.3,220
15-209,"Nut croquettes, fried in vegetable oil, homemade",DR,1461,351,26.2,3.40,21.6,2.5,,9.3,220
15-210,"Nut cutlets, retail, fried in sunflower oil",DR,1205,289,22.3,2.50,18.7,1.3,,4.8,210
15-211,"Nut cutlets, retail, fried in vegetable oil",DR,1205,289,22.3,2.40,18.7,1.3,,4.8,210
15-212,"Nut cutlets, retail, grilled",DR,886,212,13.0,1.40,19.9,1.4,,5.1,220
15-643,"Nut roast, homemade",DR,1395,335,23.5,3.63,18.8,4.1,N,13.2,154
15-214,"Nut roast, mixed nuts with egg, homemade",DR,1409,338,24.7,3.90,16.9,3.0,,13.3,330
15-221,"Nut, mushroom and rice roast, homemade",DR,1085,260,15.3,2.20,24.3,2.8,,7.8,290
13-877,"Nutmeg, ground",H,N,N,36.3,25.90,N,28.5,20.8,5.8,16
14-880,"Nuts, mixed",GA,2407,581,49.1,7.72,11.6,5.6,N,23.8,5
11-1100,"Oatcakes, homemade",AM,1731,411,15.9,6.76,61.4,0.3,6.8,9.5,175
11-823,"Oatcakes, plain, retail",AM,1904,453,20.0,5.67,62.8,3.2,9.4,9.3,796
16-259,"Octopus, raw",JM,352,83,1.3,0.30,Tr,Tr,,17.9,N
17-031,"Oil, coconut",OC,3696,899,99.9,86.50,0.0,0.0,0.0,Tr,Tr
17-488,"Oil, cod liver",OC,3696,899,99.9,21.10,0.0,0.0,0.0,Tr,Tr
17-033,"Oil, corn",OC,3696,899,99.9,14.40,0.0,0.0,0.0,Tr,Tr
17-034,"Oil, cottonseed",OC,3663,891,99.0,26.10,0.0,0.0,,Tr,Tr
17-035,"Oil, evening primrose",OC,3696,899,99.9,7.80,0.0,0.0,0.0,Tr,Tr
17-036,"Oil, grapeseed",OC,3696,899,99.9,11.10,0.0,0.0,0.0,Tr,Tr
17-037,"Oil, hazelnut",OC,3696,899,99.9,7.80,0.0,0.0,,Tr,Tr
17-038,"Oil, olive",OC,3696,899,99.9,14.30,0.0,0.0,0.0,Tr,Tr
17-039,"Oil, palm",OC,3696,899,99.9,47.80,0.0,0.0,0.0,Tr,Tr
17-040,"Oil, peanut (groundnut)",OC,3696,899,99.9,20.00,0.0,0.0,0.0,Tr,Tr
17-041,"Oil, rapeseed",OC,3696,899,99.9,6.60,0.0,0.0,0.0,Tr,Tr
17-042,"Oil, safflower",OC,3696,899,99.9,9.70,0.0,0.0,,Tr,Tr
17-043,"Oil, sesame",OC,3692,898,99.7,14.60,0.0,0.0,0.0,0.2,2
17-044,"Oil, soya",OC,3696,899,99.9,15.60,0.0,0.0,0.0,Tr,Tr
17-045,"Oil, sunflower",OC,3696,899,99.9,12.00,0.0,0.0,0.0,Tr,Tr
17-686,"Oil, vegetable, average",OC,3696,899,99.9,6.60,0.0,0.0,0.0,Tr,Tr
17-047,"Oil, walnut",OC,3696,899,99.9,9.10,0.0,0.0,0.0,Tr,Tr
17-048,"Oil, wheatgerm",OC,3696,899,99.9,18.60,0.0,0.0,,Tr,Tr
15-824,"Okra with tomatoes and onion, Greek, homemade",DR,745,180,16.7,2.53,5.0,4.2,N,2.8,8
15-825,"Okra with tomatoes and onion, West Indian, homemade",DR,406,98,7.7,0.74,4.7,4.0,N,3.0,25
13-652,"Okra, boiled in unsalted water",DG,69,16,0.2,0.07,1.9,1.4,3.1,1.8,5
13-300,"Okra, raw",DG,130,31,1.0,0.30,3.0,2.5,N,2.8,8
13-302,"Okra, stir-fried in corn oil",DG,1122,269,26.1,3.30,4.4,3.6,N,4.3,13
14-340,"Olives, green, in brine, drained, flesh and skin",FA,422,103,11.0,1.70,Tr,Tr,N,0.9,1330
14-359,"Olives, green, in brine, drained, flesh and skin, weighed with stones",FA,337,82,8.8,1.40,Tr,Tr,N,0.7,1064
12-947,"Omelette, cheese, homemade",CD,1113,268,22.7,9.55,Tr,Tr,0.0,15.9,337
12-956,"Omelette, curried, homemade",CDE,1529,370,36.0,20.52,3.5,1.4,N,8.4,384
12-946,"Omelette, plain, homemade",CD,793,191,16.4,3.22,Tr,Tr,0.0,10.9,136
12-957,"Omelette, Spanish, homemade",CD,470,112,7.6,1.19,5.9,3.2,N,5.6,55
17-815,"Onion sauce, made with semi-skimmed milk, homemade",WCD,370,88,4.7,1.88,9.0,4.8,1.0,3.0,65
17-816,"Onion sauce, made with skimmed milk, homemade",WCD,335,80,3.8,1.25,9.0,4.8,1.0,3.1,66
17-817,"Onion sauce, made with whole milk, homemade",WCD,382,91,5.5,2.68,7.8,4.8,0.7,3.3,59
13-589,"Onions, baked",DG,185,43,0.2,Tr,9.9,7.7,2.7,1.2,4
13-500,"Onions, boiled in unsalted water",DG,108,25,0.3,Tr,5.4,4.2,2.3,0.7,2
13-590,"Onions, dried, raw",DG,1317,309,1.2,N,70.2,54.4,19.3,8.8,100
13-611,"Onions, fried in butter",D,396,95,5.3,3.50,11.2,8.6,3.0,1.2,N
13-592,"Onions, fried in corn oil",DG,396,95,5.3,0.74,11.2,8.6,3.0,1.2,4
13-593,"Onions, fried in lard",DG,396,95,5.3,2.08,11.2,8.6,3.0,1.2,3
13-591,"Onions, fried in rapeseed oil",DG,396,95,5.3,0.34,11.2,8.6,3.0,1.2,4
13-501,"Onions, fried in sunflower oil",DG,396,95,5.3,0.62,11.2,8.6,3.0,1.2,4
13-309,"Onions, pickled, drained",DG,101,24,0.2,Tr,4.9,3.5,1.6,0.9,450
13-499,"Onions, raw",DG,150,35,0.1,Tr,8.0,6.2,2.2,1.0,3
14-330,"Orange juice, ambient, UHT",FC,146,34,Tr,Tr,8.5,8.5,Tr,0.6,3
14-329,"Orange juice, chilled",FC,153,36,Tr,Tr,8.6,8.6,Tr,0.9,1
14-369,"Orange juice, freshly squeezed",FC,140,33,Tr,Tr,8.1,8.1,N,0.6,2
14-370,"Orange juice, freshly squeezed, weighed as whole fruit",FC,64,15,Tr,Tr,3.7,3.7,Tr,0.3,1
16-199,"Orange roughy, raw",JC,527,126,7.0,0.30,0.0,0.0,,14.7,77
14-327,"Oranges, flesh only",FA,152,36,0.2,0.05,8.2,8.2,1.2,0.8,1
14-360,"Oranges, flesh only, weighed with peel and pips",FA,114,27,0.2,0.04,5.8,5.8,1.2,0.8,Tr
13-878,"Oregano, dried, ground",H,N,N,4.3,1.55,N,4.1,42.5,9.0,25
13-891,"Oregano, fresh",H,N,N,0.9,0.23,N,0.8,8.6,1.8,5
14-177,"Ortaniques, flesh only",FA,205,49,0.2,Tr,11.7,11.7,,1.0,5
17-818,"Ovaltine powder, made up with semi-skimmed milk",PAA,343,81,1.7,1.11,13.4,9.5,0.5,3.9,51
17-819,"Ovaltine powder, made up with skimmed milk",PAA,298,70,0.4,0.27,13.5,9.6,0.5,3.9,53
17-820,"Ovaltine powder, made up with whole milk",PAA,405,96,3.4,2.19,13.3,9.4,0.5,3.8,51
17-734,"Ovaltine, powder",PAA,1524,358,1.9,1.40,83.1,48.3,4.3,7.3,120
18-420,"Oxtail, meat only, stewed with added salt",MG,1014,243,13.4,N,0.0,0.0,,30.5,190
50-494,"Oxtail, meat only, stewed, weighed with fat and bones",MG,386,92,5.1,N,0.0,0.0,,11.6,72
18-419,"Oxtail, raw",MG,714,171,10.1,4.20,0.0,0.0,,20.0,110
16-260,"Oysters, raw",JM,275,65,1.3,0.20,2.7,Tr,,10.8,510
16-261,"Oysters, raw, weighed with shells",JM,38,9,0.2,Tr,0.4,Tr,,1.5,71
13-516,"Pak choi, steamed",DG,58,14,0.1,0.02,1.9,1.5,2.0,1.5,39
15-620,"Pakora, vegetable, takeaway and restaurant",DR,1221,293,22.0,3.73,16.5,1.5,3.3,8.4,479
15-826,"Pakora/bhajia, aubergine, fried in vegetable oil, homemade",DR,1222,294,22.5,1.63,17.2,2.1,N,7.9,18
15-827,"Pakora/bhajia, cauliflower, fried in vegetable oil, homemade",DR,1330,320,23.9,1.71,18.2,2.8,4.7,9.2,22
15-828,"Pakora/bhajia, onion, fried in vegetable oil, homemade",DR,1130,270,14.7,1.09,24.6,3.4,5.7,11.2,15
15-829,"Pakora/bhajia, potato and cauliflower, fried in vegetable oil, homemade",DR,1354,325,22.3,1.77,23.9,2.0,4.0,8.6,6
15-830,"Pakora/bhajia, potato, carrot and pea, fried in vegetable oil, homemade",DR,1483,355,22.7,1.67,28.9,1.9,6.1,12.5,17
15-831,"Pakora/bhajia, potato, fried in vegetable oil, homemade",DR,1316,315,19.6,1.41,28.4,1.4,5.0,9.2,24
15-832,"Pakora/bhajia, spinach, fried in vegetable oil, homemade",DR,1505,360,22.2,1.65,30.0,1.9,N,14.6,91
15-653,"Pakora/bhajia, vegetable, retail",DR,995,238,14.7,1.00,21.4,2.4,N,6.4,430
11-1101,"Pakoras, homemade",AT,728,173,8.1,0.66,19.7,2.1,N,8.1,63
11-922,"Pancakes (served with crispy duck), pancakes only, takeaway",AT,1291,305,7.9,N,53.3,5.2,N,7.8,121
11-959,"Pancakes, savoury, made with semi-skimmed milk, homemade",AT,855,203,8.4,1.95,26.6,3.8,1.1,6.9,53
11-1102,"Pancakes, savoury, made with skimmed milk, homemade",AT,815,193,7.3,1.22,26.7,3.9,1.1,6.9,55
11-1103,"Pancakes, savoury, wholemeal, made with whole milk, homemade",AT,878,209,10.1,2.87,23.4,4.0,2.9,7.6,53
15-645,"Pancakes, stuffed with vegetables, homemade",DR,474,113,4.2,0.95,15.8,4.4,1.2,4.1,29
15-833,"Pancakes, stuffed with vegetables, wholemeal, homemade",DR,484,115,5.0,1.39,14.2,4.5,2.1,4.4,29
11-1143,"Pancakes, sweet, made with semi skimmed milk, homemade",AS,988,234,7.4,1.22,37.9,17.0,1.0,6.3,51
11-1141,"Pancakes, sweet, made with skimmed milk, homemade",AS,988,234,7.4,1.22,37.9,17.0,1.0,6.3,51
11-1142,"Pancakes, sweet, made with whole milk, homemade",AS,1071,254,9.7,2.67,37.8,16.9,1.0,6.3,49
16-432,"Pangasius, flesh only, baked",JA,458,109,2.3,0.72,0.0,0.0,0.0,21.8,299
16-433,"Pangasius, flesh only, poached",JA,429,102,2.2,0.68,0.0,0.0,0.0,20.5,280
16-382,"Pangasius, flesh only, raw",JA,313,74,1.6,0.49,0.0,0.0,0.0,14.9,204
11-998,"Papadums, takeaway",AF,2084,501,38.8,7.95,28.3,Tr,6.3,11.5,N
14-390,"Papaya, flesh only, raw",FA,186,44,0.6,0.19,9.5,9.5,1.8,0.7,14
14-397,"Papaya, flesh only, raw, weighed with skin and pips",FA,113,27,0.4,0.11,5.7,5.7,1.1,0.4,8
13-311,"Papaya, unripe, green flesh, raw",DG,113,27,0.1,Tr,5.5,N,,0.9,15
13-879,Paprika,H,N,N,12.9,2.14,N,10.3,34.9,14.1,68
11-1104,"Paratha, homemade",AF,1398,333,14.4,8.51,45.8,0.7,4.9,7.8,118
16-101,"Parrot fish, raw",JA,353,83,0.4,0.10,0.0,0.0,,19.9,82
13-845,"Parsley, dried",H,760,181,7.0,N,14.5,12.4,N,15.8,180
13-844,"Parsley, fresh",H,141,34,1.3,N,2.7,2.3,N,3.0,33
13-631,"Parsnip, boiled in unsalted water",DG,282,66,0.7,0.12,14.7,4.3,2.6,1.2,3
13-312,"Parsnip, raw",DG,271,64,1.1,0.20,12.5,5.7,4.7,1.8,10
13-632,"Parsnip, roasted in rapeseed oil",DG,668,158,4.5,0.37,28.8,8.4,5.1,2.4,6
18-381,"Partridge, meat only, roasted",MCI,890,212,7.2,1.90,0.0,0.0,,36.7,100
18-382,"Partridge, meat only, roasted, weighed with bone",MCI,533,127,4.3,1.10,0.0,0.0,,22.0,60
14-285,Passion fruit juice,FC,189,47,0.1,Tr,10.7,10.7,,0.8,19
14-178,"Passion fruit, flesh and pips",FA,152,36,0.4,0.10,5.8,5.8,N,2.6,19
14-179,"Passion fruit, flesh and pips, weighed with skin",FA,92,22,0.2,Tr,3.5,3.5,,1.7,12
11-734,"Pasta and sauce mixes, dried, raw",AD,1519,358,4.9,2.25,70.0,8.1,4.5,12.8,1165
11-717,"Pasta shapes, coloured, flavoured, dried, raw",AD,1453,341,1.6,0.23,75.4,2.3,5.5,11.0,8
19-611,"Pasta with ham and mushroom sauce, homemade",MR,554,132,5.3,3.18,16.2,1.0,1.2,5.7,96
19-483,"Pasta with meat and tomato sauce, homemade",MR,590,140,4.1,1.41,20.4,1.9,2.1,6.6,90
11-729,"Pasta, egg, fresh, filled with cheese and tomato, boiled in unsalted water",AD,816,193,5.9,3.12,28.1,0.2,2.3,8.7,210
11-728,"Pasta, egg, fresh, filled with cheese only, boiled in unsalted water",AD,910,216,6.7,3.54,30.2,2.2,2.2,10.5,242
11-731,"Pasta, egg, fresh, filled with green vegetables/herbs and cheese, boiled in unsalted water",AD,822,195,5.8,3.22,28.7,0.1,1.6,8.7,239
11-732,"Pasta, egg, fresh, filled with meat, boiled in unsalted water",AD,846,200,4.7,1.81,31.3,1.0,1.9,10.1,298
11-730,"Pasta, egg, fresh, filled with mushrooms, boiled in unsalted water",AD,730,173,4.3,2.27,27.1,0.7,1.9,8.1,212
11-726,"Pasta, egg, fresh, raw",AD,1200,282,2.9,0.71,57.0,2.1,3.3,10.6,24
11-715,"Pasta, egg, white, dried, raw",AD,1550,365,3.6,0.89,74.8,2.1,3.9,12.9,51
11-727,"Pasta, egg, white, tagliatelle, fresh, boiled in unsalted water",AD,647,152,1.6,0.38,30.6,Tr,2.0,5.8,9
11-450,"Pasta, plain, fresh, boiled",AD,677,159,1.5,0.28,31.8,0.6,,6.6,16
11-736,"Pasta, ravioli, meat filling, canned in tomato sauce",AD,328,77,1.4,0.46,14.8,3.4,1.1,2.3,260
11-735,"Pasta, spaghetti, canned, in tomato sauce",AD,306,72,0.3,0.05,16.2,5.5,0.9,2.1,190
11-720,"Pasta, white,  twists, fusilli, dried, boiled in unsalted water",AD,623,146,0.4,0.06,32.9,0.6,2.6,4.8,5
11-1129,"Pasta, white, dried, boiled in unsalted water",AD,718,169,0.8,0.11,37.2,1.1,2.5,5.5,1
11-716,"Pasta, white, dried, raw",AD,1461,343,1.6,0.23,75.6,2.1,N,11.3,2
11-722,"Pasta, white, spaghetti, dried, boiled in unsalted water",AD,601,141,0.6,0.09,31.5,1.0,1.7,4.4,3
11-721,"Pasta, white, twists, fusilli, dried, boiled in salted water",AD,637,150,0.7,0.11,32.9,0.6,2.6,5.0,174
11-723,"Pasta, wholewheat, spaghetti, dried, boiled in unsalted water",AD,569,134,1.1,0.17,27.5,Tr,4.2,5.2,5
11-718,"Pasta, wholewheat, spaghetti, dried, raw",AD,1400,329,2.5,0.40,68.3,3.9,11.7,12.6,3
15-835,Pastichio,DR,630,150,6.3,3.71,17.2,2.8,N,7.0,89
11-230,"Pastries, Asian",AP,2242,538,39.1,,43.0,22.6,,6.3,190
11-844,"Pastries, chocolate eclairs, cream filled, retail",AP,1609,387,28.5,13.59,28.2,24.0,1.4,6.1,125
11-1064,"Pastries, chocolate eclairs, fresh, homemade",AP,1590,381,24.7,13.23,38.0,26.0,N,4.1,86
11-843,"Pastries, cream filled, retail",AP,1731,415,27.4,16.05,41.4,27.3,2.9,3.3,205
11-841,"Pastries, Danish, retail",AP,1861,446,29.2,11.83,43.6,17.3,2.1,4.9,233
11-842,"Pastries, Greek, baklava, retail",AP,1909,456,25.1,9.65,54.1,29.0,2.0,6.7,163
11-992,"Pastry, cheese, shortcrust, homemade",AO,2049,491,32.4,20.16,39.2,0.5,1.9,13.2,394
11-1049,"Pastry, choux, cooked, homemade",AO,1309,313,18.1,5.82,31.1,0.2,1.5,8.4,204
11-1048,"Pastry, choux, uncooked, homemade",AO,851,203,11.8,3.78,20.2,0.2,1.0,5.5,132
11-856,"Pastry, filo, retail, cooked",AO,1544,363,3.8,0.42,77.1,3.1,4.5,10.0,460
11-855,"Pastry, filo, retail, uncooked",AO,1180,278,2.9,0.32,58.9,2.4,3.4,7.6,350
11-1139,"Pastry, flaky, cooked, homemade",AO,2254,540,37.4,23.46,48.3,0.6,2.4,5.7,326
11-1140,"Pastry, flaky, uncooked, homemade",AO,1707,409,28.3,17.76,36.6,0.5,1.8,4.3,247
11-854,"Pastry, flaky/puff, retail, cooked",AO,2027,486,33.2,15.92,42.8,1.9,3.5,6.7,427
11-852,"Pastry, flaky/puff, retail, uncooked",AO,1600,384,26.2,12.56,33.7,1.5,2.8,5.3,337
11-1052,"Pastry, shortcrust, cooked, homemade",AO,2131,509,29.9,18.62,57.1,0.6,2.8,6.6,258
11-853,"Pastry, shortcrust, retail, cooked",AO,2281,547,37.9,14.10,47.5,1.0,4.1,6.9,271
11-851,"Pastry, shortcrust, retail, uncooked",AO,1889,453,31.4,11.68,39.4,0.9,3.4,5.7,224
11-1017,"Pastry, shortcrust, uncooked, homemade",AO,1823,435,25.5,15.93,48.8,0.5,2.4,5.7,222
11-961,"Pastry, wholemeal, cooked, homemade",AO,2036,487,30.0,18.36,48.9,1.2,7.1,8.3,257
11-1010,"Pastry, wholemeal, uncooked, homemade",AO,1759,421,25.9,15.86,42.3,1.0,6.1,7.2,222
15-646,"Pasty, vegetable, homemade",DR,1259,301,19.1,7.08,30.0,1.8,2.8,4.2,138
15-836,"Pasty, vegetable, wholemeal, homemade",DR,1137,272,15.2,9.20,30.7,1.9,N,4.9,131
19-317,"Pate, liver",MI,1443,349,32.7,9.50,1.2,0.4,0.6,12.6,750
19-145,"Pate, meat, reduced fat",MI,798,191,12.0,3.50,3.0,1.3,0.8,18.0,710
16-451,"Pate, tuna",JR,1291,312,26.8,3.90,1.5,0.4,0.7,16.2,390
13-315,"Patra leaves, raw",DG,165,39,1.5,0.30,2.6,2.2,,4.0,1
12-475,"Pavlova, toffee/chocolate, no fruit",BR,1551,370,19.7,10.83,47.4,45.3,1.1,3.8,67
12-552,"Pavlova, with fruit and cream",BR,1028,244,8.3,4.56,42.2,41.0,1.9,2.7,41
12-594,"Peach melba, homemade",BP,708,170,10.5,6.65,18.1,14.9,N,1.7,40
14-188,"Peaches, canned in juice, whole contents",FA,165,39,Tr,Tr,9.7,9.7,N,0.6,12
14-189,"Peaches, canned in syrup, whole contents",FA,233,55,Tr,Tr,14.0,14.0,N,0.5,4
14-312,"Peaches, flesh and skin, raw, weighed with stone",FA,128,30,0.1,Tr,6.8,6.8,,0.9,1
14-299,"Peaches, raw, flesh and skin",FA,142,33,0.1,Tr,7.6,7.6,N,1.0,1
17-116,"Peanut brittle, homemade",SEC,2031,483,19.0,5.30,73.8,71.8,,8.6,110
14-892,"Peanut butter, smooth",GA,2514,607,51.8,12.78,13.1,6.7,6.6,22.8,350
14-882,Peanuts and raisins,GA,1821,436,25.9,4.90,37.5,34.0,N,15.4,28
14-878,"Peanuts, dry roasted",GA,2444,590,49.8,8.90,10.3,3.8,7.6,25.7,790
14-877,"Peanuts, kernel only, plain, unsalted",GA,2341,564,46.0,8.66,12.5,6.2,N,25.8,2
14-886,"Peanuts, kernel only, plain, weighed with shells",GA,1615,389,31.8,5.98,8.6,4.3,,17.7,1
14-894,"Peanuts, raisins and chocolate chips",GA,1861,445,25.4,N,44.4,42.0,N,12.4,45
14-834,"Peanuts, roasted and salted",GA,2495,602,53.0,9.50,7.1,3.8,8.0,24.7,400
14-361,"Pears, average, flesh and skin, raw, weighed with core and stalk",FA,156,37,0.1,0.01,9.2,9.2,2.3,0.3,1
14-365,"Pears, average, raw, flesh only",F,190,44,0.1,0.01,11.3,11.3,2.7,0.3,1
14-367,"Pears, average, stewed with sugar",F,308,72,0.1,0.01,18.8,18.8,2.1,0.2,1
14-368,"Pears, average, stewed without sugar",F,165,38,0.1,0.01,9.8,9.8,2.3,0.3,1
14-197,"Pears, canned in juice, whole contents",FA,141,33,Tr,Tr,8.5,8.5,N,0.3,3
14-196,"Pears, dried",FA,884,207,0.5,N,52.4,52.4,,1.6,15
14-205,"Pears, Nashi, flesh and skin, raw",FA,122,29,0.1,Tr,7.1,7.1,,0.3,6
14-206,"Pears, Nashi, flesh and skin, raw, weighed with core",FA,110,26,0.1,Tr,6.3,6.3,,0.3,5
14-321,"Pears, raw, flesh and skin",FA,182,43,0.1,0.01,10.9,10.9,2.7,0.3,1
14-366,"Pears, raw, flesh only, peeled, weighed with skin and core",F,133,31,0.1,0.01,7.9,7.9,1.9,0.2,1
13-439,"Peas, boiled in unsalted water",DF,329,79,1.6,0.30,10.0,1.2,5.6,6.7,Tr
13-564,"Peas, canned in water, re-heated, drained",DF,251,59,0.9,0.20,8.0,1.7,5.3,5.3,Tr
13-131,"Peas, dried, boiled in unsalted water",DF,465,109,0.8,0.30,19.9,0.9,,6.9,13
13-130,"Peas, dried, raw",DF,1288,303,2.4,0.40,52.0,2.4,,21.6,38
13-536,"Peas, frozen, boiled in unsalted water",DF,299,70,0.7,0.14,11.2,5.9,5.5,5.5,4
13-528,"Peas, frozen, microwaved",DF,303,71,0.9,0.17,10.8,6.6,5.6,5.7,4
13-527,"Peas, frozen, raw",DF,288,68,0.7,0.13,10.7,5.7,5.3,5.3,4
13-641,"Peas, mange-tout, boiled in unsalted water",DF,137,32,0.4,0.08,4.2,3.7,1.6,3.3,1
13-122,"Peas, mange-tout, raw",DF,136,32,0.2,N,4.2,3.4,N,3.6,2
13-642,"Peas, mange-tout, stir-fried in rapeseed oil",DF,286,69,4.9,0.3,3.6,3.2,1.4,2.8,1
13-562,"Peas, marrowfat, canned, re-heated, drained",DF,368,87,0.8,0.10,13.8,0.9,5.0,6.9,160
13-563,"Peas, mushy, canned, re-heated",DF,345,81,0.7,0.10,13.8,1.7,3.1,5.8,220
13-438,"Peas, raw",DF,344,83,1.5,0.56,11.3,2.3,5.3,6.9,1
13-142,"Peas, split, dried, boiled in unsalted water",DF,538,126,0.9,0.20,22.7,0.9,,8.3,14
13-141,"Peas, split, dried, raw",DF,1396,328,2.4,0.40,58.2,1.9,,22.1,38
13-594,"Peas, sugar-snap, boiled in unsalted water",DG,139,33,0.3,N,4.7,3.4,,3.1,4
13-143,"Peas, sugar-snap, raw",DF,145,34,0.2,N,5.0,3.7,,3.4,4
14-837,"Pecan nuts, kernel only",GA,2843,689,70.1,5.70,5.8,4.3,N,9.2,1
14-838,"Pecan nuts, kernel only, weighed with shells",GA,1390,337,34.3,2.80,2.8,2.1,,4.5,Tr
14-338,"Peel, mixed",FA,1224,287,0.9,N,74.1,51.2,4.5,0.3,280
13-880,"Pepper, black",H,N,N,3.3,1.39,N,0.6,25.3,10.4,20
13-525,"Pepper, capsicum, red, boiled in unsalted water",DG,72,17,0.1,0.03,3.4,3.3,2.4,0.8,Tr
13-524,"Pepper, capsicum, red, raw",DG,89,21,0.2,0.05,4.3,4.2,2.2,0.8,1
13-537,"Pepper, capsicum, yellow, boiled in unsalted water",DG,111,26,0.3,Tr,5.3,5.1,2.4,0.9,1
13-526,"Pepper, capsicum, yellow, raw",DG,96,23,0.2,Tr,4.6,4.4,2.2,0.8,1
13-847,"Pepper, cayenne, ground",H,1331,318,17.3,2.60,31.7,N,,12.0,30
13-881,"Pepper, white",H,N,N,2.1,0.63,N,N,26.2,10.4,5
17-830,"Peppermint creams, homemade",SEC,1562,366,Tr,Tr,96.9,95.9,Tr,0.7,23
17-117,Peppermints,SEC,1678,393,0.7,N,102.7,102.7,0.0,0.5,9
13-316,"Peppers, capsicum, chilli, green, raw",DG,83,20,0.6,N,0.7,0.7,N,2.9,7
13-317,"Peppers, capsicum, chilli, red, raw",DG,109,26,0.3,Tr,4.2,4.2,,1.8,12
13-548,"Peppers, capsicum, green, boiled in unsalted water",DG,76,18,0.5,0.10,2.6,2.3,N,1.0,4
13-318,"Peppers, capsicum, green, raw",DG,65,15,0.3,0.10,2.6,2.4,N,0.8,4
15-837,"Peppers, green, stuffed with rice, homemade",DR,329,77,1.9,0.19,14.4,5.5,N,1.7,7
15-852,"Peppers, green, stuffed with vegetables, cheese topping, homemade",DR,335,80,5.6,N,5.2,N,N,2.6,45
19-632,"Peppers, stuffed with beef, rice and vegetables, homemade",MR,415,99,4.3,1.78,9.2,2.5,N,6.2,52
15-838,"Pesto sauce, homemade",DR,2073,501,46.2,12.26,2.4,N,N,19.0,291
17-622,"Pesto, green",WC,1730,420,42.5,6.50,3.9,2.3,N,5.6,840
17-623,"Pesto, red",WC,1311,317,30.6,4.68,5.9,5.2,3.3,5.0,770
18-383,"Pheasant, meat only, roasted",MCK,918,220,12.0,4.10,0.0,0.0,0.0,27.9,66
18-384,"Pheasant, meat only, roasted, weighed with bone",MCK,476,114,6.2,2.10,0.0,0.0,,14.5,34
14-207,"Physalis, fruit only",FA,218,53,0.2,Tr,11.1,11.1,,1.8,1
17-702,Piccalilli,WCN,360,84,0.5,0.10,17.6,14.8,N,1.0,740
17-718,"Pickle, sweet",WCG,476,111,0.1,Tr,28.0,24.6,1.2,0.6,1130
11-1024,"Pie, apple, one crust, homemade",AS,835,198,9.2,3.38,29.0,18.0,2.1,1.8,66
11-1025,"Pie, apple, pastry top and bottom, homemade",AS,1125,268,15.2,5.63,32.1,13.6,2.4,2.9,109
11-920,"Pie, apple, pastry, double crust, deep filled, retail",AS,1075,256,10.9,,38.5,18.0,,3.3,163
11-921,"Pie, apple, pastry, double crust, retail",AS,1026,245,12.9,4.04,30.3,7.0,2.6,3.8,158
11-1026,"Pie, apple, wholemeal, one crust, homemade",AS,801,190,7.7,4.60,29.9,18.0,2.8,2.3,65
11-1027,"Pie, apple, wholemeal, pastry top and bottom, homemade",AS,1068,254,12.7,7.68,33.6,13.7,3.7,3.6,108
12-394,"Pie, banoffee",BR,1331,319,20.0,11.20,32.9,20.9,1.8,3.8,164
18-505,"Pie, beef, puff or shortcrust pastry, family size, retail",MR,921,220,13.0,5.53,18.1,1.2,2.0,8.9,332
18-506,"Pie, beef, puff or shortcrust pastry, individual, retail",MR,1220,292,17.7,7.90,25.5,1.2,2.1,9.2,346
12-560,"Pie, cheese and potato, homemade",BV,552,132,7.2,3.25,12.6,1.5,1.1,5.0,113
19-559,"Pie, chicken and mushroom, single crust, homemade",MR,846,202,10.4,4.35,14.3,2.0,1.0,13.6,101
19-515,"Pie, chicken, individual, baked",MI,1202,288,17.7,7.00,24.6,1.6,1.7,9.0,270
19-575,"Pie, Cottage, homemade",MR,527,126,6.3,2.36,10.4,1.6,1.3,6.3,155
19-494,"Pie, Cottage/Shepherd's, reheated",MR,467,111,5.4,2.40,11.9,1.6,1.2,4.5,240
16-460,"Pie, fish, white fish, homemade",JR,428,101,2.1,0.80,12.7,1.5,1.0,8.6,56
16-410,"Pie, fish, white fish, retail, baked",JR,521,124,4.8,2.55,14.4,1.8,2.1,6.6,254
11-847,"Pie, fruit, individual, retail",AS,1520,361,13.7,4.87,60.0,31.0,4.3,3.1,115
11-1007,"Pie, fruit, one crust, homemade",AS,800,190,9.1,3.30,26.7,15.7,N,2.1,66
11-1073,"Pie, fruit, pastry top and bottom, blackcurrant, homemade",AS,1107,264,15.1,5.60,31.0,12.5,N,3.2,109
11-1008,"Pie, fruit, pastry top and bottom, homemade",AS,1099,262,15.1,5.61,30.4,12.0,N,3.1,109
11-1075,"Pie, fruit, wholemeal, one crust, homemade",AS,767,182,7.6,4.55,27.6,15.8,N,2.5,66
11-1074,"Pie, fruit, wholemeal, pastry top and bottom, blackcurrant, homemade",AS,1049,250,12.5,7.65,32.5,12.6,N,3.9,108
11-1076,"Pie, fruit, wholemeal, pastry top and bottom, homemade",AS,1061,253,13.9,4.23,30.0,12.1,N,4.0,165
11-1077,"Pie, fruit, wholemeal, with pie filling, homemade",AS,1095,261,13.6,N,32.7,8.1,3.2,4.0,139
11-1078,"Pie, fruit, with pie filling, homemade",AS,1157,277,16.4,N,31.1,8.1,1.8,3.2,139
19-058,"Pie, game, homemade",MI,1595,381,22.5,7.90,34.7,3.4,,12.2,430
11-548,"Pie, lemon meringue, retail",AS,1060,251,8.5,3.09,43.5,29.3,N,2.9,113
15-816,"Pie, lentil and cheese, homemade",DR,763,182,9.3,3.84,14.5,1.5,N,11.0,173
15-839,"Pie, Quorn and vegetable",DR,726,174,10.4,4.88,13.2,3.4,3.4,7.6,218
15-840,"Pie, spinach, homemade",DR,736,177,13.3,5.62,8.6,2.6,N,6.2,327
19-629,"Pie, steak and kidney, double crust, homemade",MR,1275,305,18.1,8.53,22.2,0.9,1.8,14.6,263
19-557,"Pie, steak and kidney, single crust, homemade",MI,1019,243,13.1,6.06,15.3,0.6,1.2,17.0,209
19-639,"Pie, turkey, single crust, homemade",MR,858,205,10.4,4.33,14.9,2.4,1.5,13.8,108
15-647,"Pie, vegetable, homemade",DR,668,160,9.4,2.59,17.1,2.8,N,2.9,107
15-841,"Pie, vegetable, wholemeal, homemade",DR,633,151,7.8,4.67,18.0,3.0,N,3.4,106
18-385,"Pigeon, meat only, roasted",MCM,785,187,7.9,N,0.0,0.0,,29.0,92
18-386,"Pigeon, meat only, roasted, weighed with bone",MCM,368,88,3.7,N,0.0,0.0,,13.6,43
15-842,"Pilaf, rice with spinach, homemade",DR,437,104,1.9,0.28,17.8,1.6,N,3.7,105
15-843,"Pilaf, rice with tomato, homemade",DR,624,147,2.6,0.35,27.9,0.9,0.7,2.9,326
15-845,"Pilau, egg and potato, brown rice, homemade",DR,495,117,2.8,0.60,19.5,1.6,1.4,4.7,29
15-844,"Pilau, egg and potato, homemade",DR,525,124,2.5,0.54,22.4,1.4,1.0,4.4,30
15-846,"Pilau, mushroom, homemade",DR,584,138,3.5,2.00,23.9,0.8,0.7,2.5,2
16-461,"Pilau, prawn, homemade",JR,628,149,3.2,1.86,24.8,0.8,0.6,5.2,60
12-472,"Pilau, vegetable, homemade",DR,474,112,1.5,0.34,22.6,0.3,2.2,3.3,170
14-839,"Pine nuts, kernel only",GA,2840,688,68.6,4.60,4.0,3.9,N,14.0,1
14-286,"Pineapple juice, unsweetened",PE,177,41,0.1,Tr,10.5,10.5,Tr,0.3,8
14-211,"Pineapple, canned in juice, whole contents",FA,200,47,Tr,Tr,12.2,12.2,N,0.3,1
14-212,"Pineapple, canned in syrup, whole contents",FA,273,64,Tr,Tr,16.5,16.5,N,0.5,2
14-396,"Pineapple, dried",FA,1292,303,0.7,Tr,75.7,75.7,8,3.3,Tr
14-376,"Pineapple, flesh only, raw",FA,194,45,0.1,Tr,11.4,11.4,1.2,0.5,Tr
14-377,"Pineapple, flesh only, raw, weighed with skin and top",FA,86,20,0.1,Tr,5,5,0.5,0.2,Tr
11-1105,"Pinni, homemade",AP,2203,527,31.4,15.46,59.5,40.9,N,5.4,4
14-840,"Pistachio nuts, kernel only, roasted and salted",GA,2485,601,55.4,7.40,8.2,5.7,7.4,17.9,530
14-841,"Pistachio nuts, kernel only, roasted and salted, weighed with shells",GA,1370,331,30.5,4.10,4.6,3.2,,9.9,290
11-1016,"Pizza base, raw",AE,1229,290,4.8,N,57.5,3.4,2.5,7.8,400
11-936,"Pizza, cheese and tomato, retail",A,1148,272,9.8,4.12,36.1,3.9,2.9,12.2,397
11-1012,"Pizza, chicken topped, retail",AE,1036,246,8.3,N,31.3,2.1,2.7,13.4,380
11-1011,"Pizza, fish topped, takeaway",AE,952,226,7.5,3.24,28.0,2.0,N,13.3,400
11-1013,"Pizza, ham and pineapple, retail",AE,1098,260,8.6,N,34.4,3.1,2.5,13.5,400
11-1015,"Pizza, meat topped, retail and takeaway",AE,1071,255,10.3,3.95,29.1,1.8,2.0,13.2,440
15-255,"Pizza, tomato, homemade",DR,808,193,10.6,1.50,22.6,3.0,,3.3,340
11-1014,"Pizza, vegetarian, retail and takeaway",AE,913,216,6.9,N,29.6,2.4,3.1,10.8,330
16-434,"Plaice, flesh only, baked",JA,419,99,1.6,0.28,0.0,0.0,0.0,21.3,191
16-381,"Plaice, flesh only, raw",JA,323,76,1.2,0.22,0.0,0.0,0.0,16.4,147
16-435,"Plaice, flesh only, steamed",JA,383,91,1.4,0.26,0.0,0.0,0.0,19.5,175
16-480,"Plaice, flesh only, steamed, fillets weighed with bones and skin",JA,287,68,1.1,0.19,0.0,0.0,0.0,14.5,130
16-498,"Plaice, in batter, fried in blended oil",JA,1072,257,16.8,1.80,12.0,Tr,N,15.2,210
16-499,"Plaice, in batter, fried in retail blend oil",JA,1072,257,16.8,8.66,12.0,Tr,0.5,15.2,210
16-500,"Plaice, in batter, fried in sunflower oil",JA,1072,257,16.8,8.66,12.0,Tr,0.5,15.2,210
16-403,"Plaice, in breadcrumbs, baked",JA,1018,243,11.6,1.23,21.5,1.3,1.5,14.4,275
13-324,"Plantain, boiled in unsalted water, flesh only",DG,477,112,0.2,0.10,28.5,5.5,N,0.8,4
13-323,"Plantain, green flesh, raw",DG,500,117,0.3,0.10,29.4,5.7,,1.1,4
13-569,"Plantain, ripe, fried in rapeseed oil",DG,1126,267,9.2,0.69,47.5,11.5,N,1.5,3
14-316,"Plums, average, flesh and skin, stewed with sugar, weighed with stones",FA,284,67,0.1,Tr,17.0,17.0,,0.5,2
14-315,"Plums, average, flesh and skin, stewed without sugar",FA,129,30,0.1,Tr,7.3,7.3,,0.5,2
14-317,"Plums, average, flesh and skin, stewed without sugar, weighed with stones",FA,123,29,0.1,Tr,6.9,6.9,,0.5,2
14-314,"Plums, average, stewed with sugar, flesh and skin",FA,299,70,0.1,Tr,17.9,17.9,N,0.5,2
14-372,"Plums, dessert, flesh and skin, raw",FA,177,41,0.3,0.02,9.7,9.7,1.3,0.6,Tr
14-374,"Plums, dessert, flesh and skin, raw, weighed with stones",FA,170,40,0.2,0.02,9.4,9.4,1.3,0.6,Tr
14-220,"Plums, Victoria, flesh and skin, raw",FA,168,39,0.1,Tr,9.6,9.6,,0.6,2
14-221,"Plums, Victoria, flesh and skin, raw, weighed with stones",FA,156,37,0.1,Tr,9.0,9.0,,0.5,2
14-222,"Plums, Victoria, stewed without sugar",FA,145,34,0.1,Tr,8.3,8.3,,0.5,2
14-223,"Plums, Victoria, stewed without sugar, weighed with stones",FA,139,33,0.1,Tr,7.9,7.9,,0.5,2
14-224,"Plums, yellow, flesh and skin, raw",FA,107,25,0.1,Tr,5.9,5.9,,0.5,1
14-225,"Plums, yellow, flesh and skin, raw, weighed with stones",FA,103,24,0.1,Tr,5.7,5.7,,0.5,1
11-905,"Polenta, hydrated, raw",AT,290,68,0.4,0.05,15.2,Tr,1.7,1.9,541
16-436,"Pollock, Alaskan, flesh only, baked",JA,523,124,1.2,0.24,0.0,0.0,0.0,28.2,117
16-378,"Pollock, Alaskan, flesh only, raw",JA,305,72,0.7,0.14,0.0,0.0,0.0,16.4,68
16-437,"Pollock, Alaskan, flesh only, steamed",JA,508,120,1.2,0.23,0.0,0.0,0.0,27.4,114
14-341,Pomegranate juice drink,FC,189,44,Tr,Tr,11.6,11.6,Tr,0.2,1
14-226,"Pomegranate, flesh and pips",FA,218,51,0.2,Tr,11.8,11.8,N,1.3,2
14-227,"Pomegranate, flesh and pips, weighed with skin",FA,142,33,0.1,N,7.7,7.7,,0.9,1
14-228,"Pomelo, flesh only",FA,126,30,0.2,Tr,6.8,6.8,,0.6,1
14-229,"Pomelo, flesh only, weighed with peel and pips",FA,76,18,0.1,N,4.1,4.1,,0.4,1
16-124,"Pomfret, black, raw",JA,416,99,2.6,0.70,0.0,0.0,,18.8,110
16-125,"Pomfret, white, raw",JA,389,92,2.1,0.60,0.0,0.0,,18.3,94
17-691,"Popcorn, candied",SN,1969,469,23.8,N,60.7,15.0,9.5,6.9,Tr
17-692,"Popcorn, salted, retail",SN,1971,470,23.5,N,59.3,0.6,9.3,9.0,730
13-849,Poppy seeds,G,N,N,47.1,6.80,N,N,,20.6,21
19-616,"Pork chops in mustard and cream, homemade",MR,1130,273,21.1,8.17,1.3,1.1,0.2,14.6,209
19-617,"Pork chops in mustard and cream, homemade, weighed with bone",MR,990,239,18.5,7.14,1.1,1.0,0.1,12.9,183
19-467,"Pork pie, individual",MR,1542,370,26.0,10.12,25.7,1.5,2.9,9.9,542
17-132,Pork scratchings,SN,2520,606,46.0,16.58,0.2,0.2,N,47.9,1320
18-208,"Pork, belly joint, roasted, lean and fat",MAG,1219,293,21.4,7.40,0.0,0.0,,25.1,90
18-209,"Pork, belly joint/slices, grilled, lean and fat",MAG,1332,320,23.4,8.20,0.0,0.0,0.0,27.4,97
18-206,"Pork, belly joint/slices, raw, lean and fat",MAG,1072,258,20.2,7.30,0.0,0.0,,19.1,69
18-207,"Pork, belly joint/slices, raw, lean and fat, weighed with bone",MAG,987,238,18.6,6.70,0.0,0.0,,17.6,75
18-212,"Pork, chump chops, fried in corn oil, lean and fat",MAG,1217,293,21.6,7.00,0.0,0.0,,24.6,60
18-213,"Pork, chump chops, fried in corn oil, lean and fat, weighed with bone",MAG,1036,249,18.4,5.90,0.0,0.0,,20.9,51
18-210,"Pork, chump chops, raw, lean and fat",MAG,808,194,12.6,4.50,0.0,0.0,,20.1,54
18-211,"Pork, chump chops, raw, lean and fat, weighed with bone",MAG,694,194,9.8,3.90,0.0,0.0,,17.3,43
18-215,"Pork, chump steaks, fried in corn oil, lean and fat",MAG,907,217,11.7,3.70,0.0,0.0,,27.9,62
18-214,"Pork, chump steaks, raw, lean and fat",MAG,632,151,7.3,2.60,0.0,0.0,,21.3,56
18-216,"Pork, crackling, cooked",MAG,2280,550,45.0,15.30,0.0,0.0,,36.2,N
18-220,"Pork, diced, casseroled, lean and fat",MAG,775,184,6.8,2.00,0.0,0.0,,30.8,37
18-482,"Pork, diced, casseroled, lean only",MAG,776,184,6.4,1.88,0.0,0.0,0.0,31.7,37
18-221,"Pork, diced, kebabs, grilled, lean",MAG,754,179,4.7,1.60,0.0,0.0,,34.1,80
18-222,"Pork, diced, kebabs, grilled, lean and fat",MAG,797,189,6.1,2.20,0.0,0.0,,33.6,81
18-217,"Pork, diced, raw, lean",MAG,512,122,4.0,1.40,0.0,0.0,,21.4,70
18-218,"Pork, diced, raw, lean and fat",MAG,615,147,7.2,2.50,0.0,0.0,,20.5,68
18-223,"Pork, diced, slow-cooked, lean",MAG,710,169,5.4,1.60,0.0,0.0,,30.0,41
18-224,"Pork, diced, slow-cooked, lean and fat",MAG,727,173,6.0,1.80,0.0,0.0,,29.7,42
18-205,"Pork, fat, average, cooked",MAG,2125,515,50.9,17.90,0.0,0.0,0.0,14.2,69
18-203,"Pork, fat, average, raw",MAG,2259,548,56.4,20.40,0.0,0.0,0.0,10.1,47
18-204,"Pork, fat, average, raw, extra trimmed",MAG,2700,656,69.7,N,0.0,0.0,,7.1,N
18-226,"Pork, fillet slices, grilled, lean",MAG,719,170,4.0,1.50,0.0,0.0,,33.6,67
18-227,"Pork, fillet slices, grilled, lean and fat",MAG,749,178,5.0,1.90,0.0,0.0,,33.2,67
18-228,"Pork, fillet strips, stir-fried in corn oil, lean",MAG,764,182,5.9,1.30,0.0,0.0,0.0,32.1,71
18-225,"Pork, fillet, raw, lean and fat",MAG,615,147,6.5,2.30,0.0,0.0,,22.0,53
18-231,"Pork, hand, shoulder joint, pressure cooked, lean",MAG,806,192,7.9,2.80,0.0,0.0,,30.2,61
18-232,"Pork, hand, shoulder joint, pressure cooked, lean and fat",MAG,1119,269,18.8,6.50,0.0,0.0,,24.9,64
18-229,"Pork, hand, shoulder joint, raw, lean",MAG,509,121,4.2,1.40,0.0,0.0,,20.8,73
18-230,"Pork, hand, shoulder joint, raw, lean and fat",MAG,907,218,16.2,5.30,0.0,0.0,,18.1,67
18-233,"Pork, hand, shoulder joint, roasted, lean",MAG,849,202,8.8,3.00,0.0,0.0,,30.8,78
18-234,"Pork, hand, shoulder joint, roasted, lean and fat",MAG,1078,259,16.5,5.70,0.0,0.0,,27.5,77
18-201,"Pork, lean, average, raw",MAG,519,123,4.0,1.40,0.0,0.0,0.0,21.8,63
18-202,"Pork, lean, average, raw, extra trimmed",MAG,509,121,3.7,N,0.0,0.0,,21.9,N
18-244,"Pork, leg joint, frozen, roasted, lean",MAG,810,193,7.0,2.40,0.0,0.0,,32.4,77
18-245,"Pork, leg joint, frozen, roasted, lean and fat",MAG,936,224,11.2,4.00,0.0,0.0,,30.7,76
18-238,"Pork, leg joint, microwaved, lean",MAG,749,178,4.8,1.70,0.0,0.0,,33.6,63
18-239,"Pork, leg joint, microwaved, lean and fat",MAG,1053,252,15.0,5.30,0.0,0.0,,29.3,62
18-235,"Pork, leg joint, raw, lean",MAG,450,107,2.2,0.70,0.0,0.0,,21.7,65
18-483,"Pork, leg joint, raw, lean and fat",MAG,885,213,15.2,5.10,0.0,0.0,0.0,19.0,60
18-498,"Pork, leg joint, raw, lean and fat, weighed with bone",MAG,769,185,13.2,4.40,0.0,0.0,,16.5,52
18-485,"Pork, leg joint, roast, lean and fat",MAG,903,215,10.2,3.60,0.0,0.0,0.0,30.9,70
18-484,"Pork, leg joint, roast, lean only",MAG,765,182,5.5,1.90,0.0,0.0,0.0,33.0,69
18-242,"Pork, leg joint, roasted well done, lean",MAG,779,185,5.1,1.80,0.0,0.0,,34.7,74
18-243,"Pork, leg joint, roasted well done, lean and fat",MAG,1082,259,15.4,5.40,0.0,0.0,,30.1,71
18-248,"Pork, loin chops, barbecued, lean",MAG,780,186,6.8,2.40,0.0,0.0,,31.1,67
18-249,"Pork, loin chops, barbecued, lean and fat",MAG,1066,255,15.8,5.70,0.0,0.0,0.0,28.3,68
18-250,"Pork, loin chops, frozen, grilled, lean",MAG,892,213,9.0,3.10,0.0,0.0,,32.9,58
18-251,"Pork, loin chops, grilled, lean",MAG,774,184,6.4,2.20,0.0,0.0,0.0,31.6,66
18-252,"Pork, loin chops, grilled, lean and fat",MAG,1074,257,15.7,5.60,0.0,0.0,0.0,29.0,70
18-253,"Pork, loin chops, microwaved, lean",MAG,804,191,6.1,2.10,0.0,0.0,,34.0,58
18-254,"Pork, loin chops, microwaved, lean and fat",MAG,1035,248,14.1,4.90,0.0,0.0,0.0,30.2,58
18-246,"Pork, loin chops, raw, lean and fat",MAG,1119,270,21.7,8.00,0.0,0.0,0.0,18.6,53
18-247,"Pork, loin chops, raw, lean and fat, weighed with bone",MAG,940,227,18.2,6.70,0.0,0.0,,15.7,45
18-255,"Pork, loin chops, roasted, lean",MAG,1011,241,10.1,3.70,0.0,0.0,,37.5,70
18-256,"Pork, loin chops, roasted, lean and fat",MAG,1256,301,19.3,7.00,0.0,0.0,0.0,31.9,68
18-257,"Pork, loin chops, roasted, lean and fat, weighed with bone",MAG,955,229,14.7,5.30,0.0,0.0,,24.2,51
18-260,"Pork, loin joint, pot-roasted, lean",MAG,827,197,8.1,2.90,0.0,0.0,,31.0,54
18-261,"Pork, loin joint, pot-roasted, lean and fat",MAG,1269,305,23.0,8.20,0.0,0.0,,24.6,56
18-258,"Pork, loin joint, raw, lean and fat",MAG,1024,246,18.8,6.90,0.0,0.0,,19.3,55
18-259,"Pork, loin joint, raw, lean and fat, weighed with bone",MAG,828,199,15.2,5.60,0.0,0.0,,15.6,44
18-262,"Pork, loin joint, roasted, lean",MAG,763,182,6.8,2.40,0.0,0.0,,30.1,61
18-263,"Pork, loin joint, roasted, lean and fat",MAG,1054,253,16.4,5.90,0.0,0.0,,26.3,61
18-265,"Pork, loin steaks, fried in corn oil, lean",MAG,802,191,7.2,2.30,0.0,0.0,,31.5,58
18-266,"Pork, loin steaks, fried in corn oil, lean and fat",MAG,1148,276,18.4,6.00,0.0,0.0,,27.5,61
18-264,"Pork, loin steaks, raw, lean and fat",MAG,934,225,16.1,5.90,0.0,0.0,,19.9,56
18-267,"Pork, mince, raw",MAG,685,164,9.7,3.60,0.0,0.0,,19.2,66
18-268,"Pork, mince, stewed",MAG,800,191,10.4,3.90,0.0,0.0,,24.4,61
18-271,"Pork, spare rib chops, braised, lean",MAG,892,213,10.1,3.60,0.0,0.0,,30.5,59
18-272,"Pork, spare rib chops, braised, lean and fat",MAG,1033,247,15.0,5.50,0.0,0.0,,28.1,59
18-273,"Pork, spare rib chops, braised, lean and fat, weighed with bone",MAG,793,190,11.5,4.20,0.0,0.0,,21.6,44
18-269,"Pork, spare rib chops, raw, lean and fat",MAG,773,186,12.4,4.50,0.0,0.0,,18.5,62
18-270,"Pork, spare rib chops, raw, lean and fat, weighed with bone",MAG,611,147,9.8,3.50,0.0,0.0,,14.6,49
18-276,"Pork, spare rib joint, pot-roasted, lean",MAG,843,201,9.0,3.20,0.0,0.0,,30.0,65
18-277,"Pork, spare rib joint, pot-roasted, lean and fat",MAG,1081,260,18.0,6.70,0.0,0.0,,24.4,64
18-274,"Pork, spare rib joint, raw, lean and fat",MAG,906,218,16.4,6.00,0.0,0.0,,17.6,61
18-275,"Pork, spare rib joint, raw, lean and fat, weighed with bone",MAG,670,161,12.1,4.40,0.0,0.0,,13.1,45
18-280,"Pork, spare rib slices, grilled, lean and fat",MAG,1218,292,19.5,7.50,0.0,0.0,,29.2,140
18-281,"Pork, spare rib slices, grilled, lean and fat, weighed with bone",MAG,548,132,8.8,3.40,0.0,0.0,,13.1,63
18-279,"Pork, spare rib slices, raw, lean and fat, weighed with bone",MAG,390,94,6.4,2.50,0.0,0.0,,9.0,46
18-282,"Pork, spare rib steaks, raw, lean and fat",MAG,703,168,10.4,3.70,0.0,0.0,,18.7,62
19-620,"Pork, spare ribs, 'barbecue style', homemade",MR,1258,302,22.3,6.03,4.9,5.0,0.8,20.8,766
19-621,"Pork, spare ribs, 'barbecue style', homemade, weighed with bone",MR,586,142,10.4,2.82,2.3,2.3,0.4,9.7,356
19-263,"Pork, spare ribs, 'barbecue style', meat only, reheated,  weighed with bone",MR,410,98,6.0,2.20,2.0,1.5,,9.2,150
19-262,"Pork, spare ribs, 'barbecue style', meat only, retail, reheated",MR,1173,281,17.1,6.20,5.8,4.4,0.6,26.3,440
18-499,"Pork, spare ribs, Chinese barbecue, takeaway",MAG,,,18.7,,,,,22.1,485
19-618,"Pork, spare ribs, in black bean sauce, meat and sauce only, homemade",MR,899,216,14.5,N,5.8,5.1,N,14.3,774
19-619,"Pork, spare ribs, in black bean sauce, meat and sauce only, homemade, weighed with bone",MR,512,123,8.2,2.48,3.3,2.9,Tr,8.2,441
18-278,"Pork, spare ribs, raw, lean and fat",MAG,814,195,13.4,5.20,0.0,0.0,,18.7,98
18-285,"Pork, steaks, grilled, lean",MAG,713,169,3.7,1.30,0.0,0.0,0.0,33.9,76
18-286,"Pork, steaks, grilled, lean and fat",MAG,832,198,7.6,2.70,0.0,0.0,0.0,32.4,76
18-283,"Pork, steaks, raw, lean",MAG,507,120,3.4,1.20,0.0,0.0,,22.4,60
18-284,"Pork, steaks, raw, lean and fat",MAG,705,169,9.4,3.30,0.0,0.0,,21.0,58
18-287,"Pork, steaks, stewed, lean",MAG,741,176,4.6,1.30,0.0,0.0,,33.6,46
18-288,"Pork, steaks, stewed, lean and fat",MAG,834,199,8.3,2.40,0.0,0.0,,31.0,46
19-622,"Pork, stir-fried with vegetables, homemade",MR,566,135,6.1,1.72,3.6,1.2,N,16.0,343
19-634,"Pork, sweet and sour, made with lean pork, homemade",MR,684,163,6.7,1.19,11.1,7.3,N,13.5,71
19-633,"Pork, sweet and sour, made with sweet and sour cook in sauce",MA,666,159,6.7,1.75,11.4,10.0,0.4,13.8,174
18-429,"Pork, trotters and tails, boiled with added salt",MG,1162,280,22.3,N,0.0,0.0,,19.8,1620
11-788,"Porridge oats, unfortified",A,1614,381,8.1,1.28,70.7,0.3,7.8,10.9,1
11-789,"Porridge oats, unfortified, cooked, made up with semi-skimmed milk",A,357,84,2.3,1.03,12.1,4.1,1.0,4.6,39
11-1106,"Porridge, made with milk and water",AI,303,72,1.9,0.71,11.2,2.5,1.0,3.1,22
11-1107,"Porridge, made with water",AI,201,47,1.0,0.16,8.8,Tr,1.0,1.4,Tr
11-1108,"Porridge, made with whole milk",AI,472,112,4.7,2.54,13.3,4.8,0.9,4.9,44
17-234,Port,QF,655,157,0.0,0.00,12.0,12.0,0.0,0.1,4
17-849,Pot savouries,SN,1541,365,10.9,N,58.8,8.2,N,11.6,600
17-682,"Pot savouries, made up",SN,437,103,3.1,N,16.7,2.3,N,3.3,170
15-849,"Potato cakes, fried in rapeseed oil",DR,884,210,8.4,1.79,31.4,1.1,2.1,3.9,21
13-024,"Potato chips, crinkle cut, frozen, fried in corn oil",DAP,1213,290,16.7,3.10,33.4,0.9,,3.6,78
13-486,"Potato chips, fine cut, from fast food outlets",DAP,1219,290,14.2,2.50,39.7,0.3,3.8,3.5,193
50-684,"Potato chips, fine cut, frozen, fried in blended vegetable oil",DAP,1524,364,21.3,1.80,41.2,0.6,,4.5,97
13-026,"Potato chips, fine cut, frozen, fried in corn oil",DAP,1524,364,21.3,4.00,41.2,0.6,,4.5,97
50-686,"Potato chips, fine cut, frozen, fried in dripping",DAP,1524,364,21.3,11.80,41.2,0.6,,4.5,98
13-613,"Potato chips, fried in beef dripping, from takeaway fish and chip shops",DAR,902,214,8.4,4.20,33.2,0.6,3.2,3.5,16
13-485,"Potato chips, fried in commercial oil, from takeaway fish and chip shops",DAP,902,214,8.4,4.29,33.2,0.6,3.2,3.5,16
13-612,"Potato chips, fried in palm oil, from takeaway fish and chip shops",DAR,902,214,8.4,3.97,33.2,0.6,3.2,3.5,16
13-614,"Potato chips, fried in rapeseed oil, from takeaway fish and chip shops",DAR,902,214,8.4,0.55,33.2,0.6,3.2,3.5,16
13-595,"Potato chips, homemade, fried in corn oil",DAP,832,197,6.7,0.98,33.1,1.5,3.4,3.2,3
13-596,"Potato chips, homemade, fried in dripping",DAP,832,197,6.7,3.37,33.1,1.5,3.4,3.2,4
13-555,"Potato chips, homemade, fried in rapeseed oil",DAP,854,202,6.7,0.44,34.1,0.9,3.4,3.6,3
13-597,"Potato chips, homemade, fried in sunflower oil",DAP,832,197,6.7,0.82,33.1,1.5,3.4,3.2,3
13-557,"Potato chips, microwave, cooked",DAP,930,221,9.6,0.55,32.1,0.6,2.9,3.6,40
13-487,"Potato chips, oven ready, no batter, baked",DAP,800,189,4.9,0.78,35.3,1.0,3.5,3.2,31
13-488,"Potato chips, oven ready, with batter, baked",DAP,852,202,6.1,1.30,35.6,0.4,3.3,3.4,193
50-681,"Potato chips, straight cut, frozen, fried in blended oil",DAP,1145,273,13.5,1.20,36.0,0.7,,4.1,29
13-025,"Potato chips, straight cut, frozen, fried in corn oil",DAP,1145,273,13.5,2.50,36.0,0.7,,4.1,29
50-683,"Potato chips, straight cut, frozen, fried in dripping",DAP,1145,273,13.5,7.50,36.0,0.7,,4.1,30
13-027,"Potato chips, thick cut, frozen, fried in corn oil",DAP,983,234,10.2,1.90,34.0,0.8,,3.6,41
17-671,"Potato crisps, fried in sunflower oil",SNA,2064,493,28.8,2.48,55.8,0.9,4.4,6.2,604
17-693,"Potato crisps, low fat",SN,1924,458,21.5,1.85,63.5,1.5,N,6.6,730
13-038,"Potato croquettes, fried in blended oil",DAR,893,214,13.1,1.70,21.6,0.5,,3.7,420
13-615,"Potato powder, instant, made up with semi-skimmed milk",DAR,287,67,0.5,0.30,14.2,1.5,N,2.4,100
13-616,"Potato powder, instant, made up with skimmed milk",DAR,281,66,0.1,Tr,14.2,1.5,N,2.4,100
13-558,"Potato powder, instant, made up with water",DAR,245,57,0.1,Tr,13.5,0.7,1.2,1.5,100
13-617,"Potato powder, instant, made up with whole milk",DAR,322,76,1.2,N,14.8,2.0,N,2.4,100
13-598,"Potato powder, instant, raw",DAR,1363,320,0.6,0.10,74.9,4.1,7.7,8.4,450
13-533,"Potato products, shaped, frozen, baked",DA,799,190,8.3,0.89,28.1,0.4,2.7,2.5,254
17-643,Potato rings,SN,2018,480,22.4,1.92,70.5,0.3,2.6,3.6,845
17-642,"Potato snacks, pringle-type, fried in vegetable oil",SNA,2168,519,31.8,8.41,57.4,1.5,2.9,4.3,599
13-483,"Potato wedges, retail, cooked",DAR,741,176,5.5,2.49,30.6,0.8,4.3,2.8,198
15-259,"Potato, leek and celery bake",DR,512,122,6.5,3.90,12.6,1.6,,4.4,490
15-261,"Potatoes with onions and eggs, fried",DR,1318,316,23.8,4.30,19.1,1.4,,7.8,540
15-850,"Potatoes, duchesse",DR,522,124,5.1,2.89,17.5,0.8,1.6,3.1,53
13-610,"Potatoes, new and salad, boiled in salted water, flesh and skin",DAE,291,68,0.1,0.04,14.9,1.1,1.8,1.8,26
13-495,"Potatoes, new and salad, boiled in unsalted water, flesh and skin",DAE,291,68,0.1,0.04,14.9,1.1,1.8,1.8,3
13-618,"Potatoes, new and salad, flesh only, raw",DAE,290,68,0.1,0.04,16.1,1.3,1.8,1.7,3
13-619,"Potatoes, new, frozen, `roast' in corn oil",DAE,661,157,6.6,0.80,23.4,1.0,3.0,2.5,100
13-491,"Potatoes, old, baked, flesh and skin",DAM,413,97,0.2,0.10,22.6,1.4,2.6,2.5,2
13-620,"Potatoes, old, baked, flesh only",DAM,329,77,0.1,Tr,18.0,0.7,N,2.2,1
13-621,"Potatoes, old, baked, flesh only, weighed with skin",DAM,223,52,0.1,Tr,12.1,0.5,N,1.5,1
13-605,"Potatoes, old, boiled in salted water, flesh only",DAM,315,74,0.1,0.03,17.5,0.8,1.6,1.8,64
13-490,"Potatoes, old, boiled in unsalted water, flesh only",DAM,315,74,0.1,0.03,17.5,0.8,1.6,1.8,1
13-553,"Potatoes, old, mashed with butter",DAM,430,102,3.9,2.42,15.9,1.0,1.4,1.9,36
13-554,"Potatoes, old, mashed with reduced fat spread",DAM,391,93,2.8,0.68,15.9,1.0,1.4,1.8,30
13-494,"Potatoes, old, microwaved, flesh and skin",DAM,392,92,0.1,0.03,21.5,2.1,2.7,2.6,2
13-566,"Potatoes, old, potato wedges, with skin, cooked in sunflower oil, homemade",DAM,614,145,3.8,0.47,26.5,1.7,3.0,2.9,2
13-489,"Potatoes, old, raw, flesh only",DAM,349,82,0.1,0.03,19.6,0.9,2.0,1.9,2
13-599,"Potatoes, old, roasted in corn oil",DAM,678,161,5.7,0.84,26.4,1.2,2.7,2.6,3
13-600,"Potatoes, old, roasted in lard",DAM,678,161,5.7,2.29,26.4,1.2,2.7,2.6,3
13-534,"Potatoes, old, roasted in rapeseed oil",DA,678,161,5.7,0.40,26.4,1.2,2.7,2.6,3
13-492,"Potatoes, old, roasted in sunflower oil, flesh only",DAM,678,161,5.7,0.70,26.4,1.2,2.7,2.6,3
13-493,"Potatoes, old, wedges, with skin, homemade, cooked in rapeseed oil",DAM,614,145,3.8,0.27,26.5,1.7,3.0,2.9,2
18-305,"Poussin, raw, meat and skin",MCA,839,202,13.9,3.80,0.0,0.0,,19.1,70
18-306,"Poussin, raw, meat and skin, weighed with bone",MCA,488,117,8.1,2.20,0.0,0.0,,11.1,40
11-1023,"Prawn crackers, takeaway",AT,2379,570,39.0,3.64,58.2,2.2,0.9,0.3,767
16-388,"Prawns, king, grilled from raw",JK,433,102,0.9,0.20,0.0,0.0,0.0,23.5,305
16-389,"Prawns, king, purchased cooked",JK,290,68,0.4,0.10,0.0,0.0,0.0,16.2,643
16-481,"Prawns, king, purchased cooked, weighed with shells",JK,155,37,0.2,0.05,0.0,0.0,0.0,8.7,347
16-387,"Prawns, king, raw",JK,325,77,0.7,0.17,0.0,0.0,0.0,17.6,215
16-482,"Prawns, standard, dried",JK,1594,377,4.9,0.81,0.0,0.0,0.0,83.1,3172
16-384,"Prawns, standard, purchased cooked",JK,295,70,0.9,0.15,0.0,0.0,0.0,15.4,588
17-758,Pre-mixed spirit based drinks,Q,221,52,0.0,0.00,8.0,8.0,0.0,Tr,N
14-230,"Prickly pears, flesh and seeds",FA,207,49,0.3,0.10,11.5,11.5,,0.7,4
12-405,"Profiteroles with sauce, frozen",BR,1438,346,25.7,14.01,24.6,17.0,1.4,5.5,130
14-289,Prune juice,FC,243,57,0.1,Tr,14.4,14.4,,0.5,12
14-237,"Prunes, canned in juice, whole contents",FA,335,79,0.2,Tr,19.7,19.7,N,0.7,18
14-231,"Prunes, flesh and skin",FA,681,160,0.5,N,38.4,38.4,,2.8,12
14-233,"Prunes, flesh and skin, stewed with sugar",FA,439,103,0.2,Tr,25.5,25.5,,1.3,5
14-234,"Prunes, flesh and skin, stewed with sugar, weighed with stones",FA,405,95,0.2,Tr,23.5,23.5,,1.2,5
14-235,"Prunes, flesh and skin, stewed without sugar",FA,346,81,0.3,0.10,19.5,19.5,,1.4,6
14-236,"Prunes, flesh and skin, stewed without sugar, weighed with stones",FA,314,74,0.2,Tr,17.8,17.8,,1.3,5
14-232,"Prunes, flesh and skin, weighed with stones",FA,572,134,0.4,N,32.3,32.3,,2.4,10
14-391,"Prunes, ready-to-eat, semi-dried",FA,633,149,0.3,0.06,36.5,36.5,5.2,2.3,3
14-398,"Prunes, ready-to-eat, semi-dried, weighed with stones",FA,548,128,0.3,0.05,31.4,31.4,4.5,2,3
11-1037,"Pudding, bread and butter, homemade",AS,576,137,5.3,2.11,17.0,12.4,0.3,6.3,130
11-1051,"Pudding, Christmas, homemade",AS,1332,316,9.8,N,54.6,33.8,N,5.0,119
11-1022,"Pudding, Christmas, retail",AS,1207,285,6.9,3.57,56.3,46.2,4.0,3.0,100
11-1065,"Pudding, Eve's pudding, homemade",AS,1052,252,13.4,7.88,31.4,20.0,1.4,3.3,216
11-1097,"Pudding, Queen of Puddings, homemade",AS,821,195,7.6,4.08,34.2,27.5,N,5.0,149
12-580,"Pudding, rice, canned",BR,362,85,1.3,0.76,16.1,8.7,N,3.3,43
12-553,"Pudding, rice, canned, low fat",BR,345,81,0.8,0.50,16.0,8.7,0.1,3.5,43
12-514,"Pudding, rice, homemade, with semi-skimmed milk",BR,535,127,4.4,2.79,19.0,10.3,0.1,4.2,67
12-607,"Pudding, rice, homemade, with skimmed milk",BR,482,114,2.9,1.80,19.1,10.4,0.1,4.3,65
12-608,"Pudding, rice, homemade, with whole milk",BR,609,145,6.5,4.07,18.9,10.2,0.1,4.2,63
11-1021,"Pudding, sponge, canned",AS,1116,265,9.1,4.98,45.4,25.8,N,3.1,340
11-1119,"Pudding, sponge, homemade",AS,1376,327,14.6,4.82,46.2,18.5,1.4,5.7,299
11-1120,"Pudding, sponge, with dried fruit, homemade",AS,1397,332,13.4,4.24,50.5,25.2,N,5.5,277
11-1121,"Pudding, sponge, with jam or treacle, homemade",AS,1401,333,13.3,4.41,51.1,25.8,1.2,5.3,291
11-1122,"Pudding, spotted dick, homemade",AS,1447,344,16.1,9.02,48.3,19.1,N,4.5,226
11-1124,"Pudding, suet, homemade",AS,1476,352,17.6,9.88,46.4,14.5,N,4.8,246
14-842,Pumpkin seeds,GA,2345,565,45.6,7.00,15.2,1.1,N,24.4,18
13-549,"Pumpkin, flesh only, boiled in unsalted water",DG,52,12,0.3,0.10,1.9,1.8,N,0.6,Tr
13-326,"Pumpkin, flesh only, raw",DG,55,13,0.2,0.10,2.2,1.7,,0.7,Tr
11-911,"Puri, homemade",AF,1531,366,22.3,2.66,36.5,1.2,3.5,7.2,279
12-948,"Quiche, cheese and egg, homemade",CD,1270,305,22.3,10.40,14.6,1.6,1.2,12.5,310
11-995,"Quiche, cheese and egg, wholemeal, homemade",CD,1226,294,20.4,11.82,15.6,1.6,2.1,13.0,310
12-952,"Quiche, Lorraine, homemade",CD,1491,358,26.0,11.19,16.8,2.2,1.3,15.3,588
12-936,"Quiche, Lorraine, shortcrust pastry, retail",CD,1121,269,17.6,8.31,19.7,3.2,1.3,9.1,339
12-953,"Quiche, Lorraine, wholemeal pastry, homemade",CD,1476,354,24.9,13.37,18.0,2.2,2.3,15.8,587
12-954,"Quiche, mushroom, homemade",CD,1157,278,20.0,8.97,15.5,1.3,1.4,9.9,253
12-955,"Quiche, mushroom, wholemeal, homemade",CD,1113,267,18.1,10.55,16.6,1.3,2.4,10.5,252
12-949,"Quiche, vegetable, retail",CD,1205,289,19.7,8.34,21.2,3.5,2.8,8.1,200
14-241,"Quinces, flesh only",FA,110,26,0.1,Tr,6.3,6.3,,0.3,3
14-843,"Quinoa, raw",GA,1311,309,5.0,0.50,55.7,6.1,7.0,13.8,61
15-262,Quorn korma,DR,590,140,7.0,3.70,16.7,1.3,,3.7,180
13-574,"Quorn, pieces, as purchased",DG,307,73,1.4,0.40,1.1,0.4,8.3,14.0,300
18-387,"Rabbit, raw, meat only",MEC,576,137,5.5,2.10,0.0,0.0,0.0,21.9,67
18-388,"Rabbit, stewed, meat only",MEC,479,114,3.2,1.70,0.0,0.0,0.0,21.2,48
18-389,"Rabbit, stewed, meat only, weighed with bone",MEC,286,68,1.9,1.00,0.0,0.0,,12.7,29
13-329,"Raddiccio, raw",DG,58,14,0.2,N,1.7,1.7,,1.4,7
13-332,"Radish leaves, raw",DG,137,33,0.5,N,3.5,N,,3.5,110
13-656,"Radish, red, flesh and skin, raw",DG,50,12,0.4,0.2,1.4,1.4,1.1,0.7,21
13-331,"Radish, white/mooli, raw",DG,64,15,0.1,Tr,2.9,2.9,,0.8,27
14-393,"Raisins, dried",FA,1090,256,1,0.15,62.6,62.6,2.7,3,17
17-832,"Raita, homemade",WC,241,57,2.4,1.32,5.8,5.8,0.4,4.4,69
12-595,"Raita, yogurt and gram flour, homemade",BV,430,103,6.6,3.83,8.1,5.3,1.4,3.3,28
14-243,"Rambutan, flesh only",FA,293,69,0.4,N,16.3,16.3,,1.0,1
13-333,"Rape leaves, raw",DG,153,37,0.3,N,4.8,N,,3.8,N
14-375,"Raspberries, raw",FA,106,25,0.3,0.1,5.1,5.1,3.7,0.8,Tr
14-245,"Raspberries, stewed with sugar",FA,271,63,0.3,0.10,15.0,15.0,,1.2,2
14-246,"Raspberries, stewed without sugar",FA,105,24,0.3,0.10,4.4,4.4,,1.4,2
15-659,"Ratatouille, homemade",DR,339,82,7.0,0.88,3.8,3.3,N,1.2,3
15-853,Red pea loaf,DR,539,127,3.4,0.78,15.6,0.9,N,9.2,28
11-877,"Red rice, boiled in unsalted water",AC,547,129,1.2,0.18,28.2,0.2,1.4,3.0,7
16-127,"Red snapper, flesh only, fried in blended oil, weighed with bones and skin",JA,531,126,3.1,0.60,0.0,0.0,,24.5,120
16-128,"Red snapper, flesh only, fried in blended oil, weighed with bones and skin",JA,271,64,1.6,0.30,0.0,0.0,,12.5,59
16-129,"Red snapper, flesh only, fried in sunflower oil",JA,531,126,3.1,0.70,0.0,0.0,,24.5,120
16-130,"Red snapper, flesh only, fried in sunflower oil, weighed with bones and skin",JA,271,64,1.6,0.30,0.0,0.0,,12.5,59
16-126,"Red snapper, flesh only, raw",JA,381,90,1.3,0.30,0.0,0.0,,19.6,77
14-249,"Redcurrants, raw",FA,89,21,Tr,N,4.4,4.4,,1.1,2
14-250,"Redcurrants, stewed with sugar",FA,227,53,Tr,Tr,13.3,13.3,,0.9,1
14-251,"Redcurrants, stewed without sugar",FA,76,17,Tr,Tr,3.8,3.8,,0.9,1
16-131,"Redfish, raw",JA,413,98,2.7,0.50,0.0,0.0,,18.4,73
15-854,Re-fried beans,DR,710,169,8.6,2.54,15.0,1.4,N,7.1,87
17-708,"Relish, corn/cucumber/onion",WCN,614,144,0.3,Tr,36.6,28.9,1.5,1.0,420
17-354,"Relish, tomato based",WCN,485,114,0.1,Tr,27.6,25.1,N,1.2,480
14-252,"Rhubarb, stems only, raw",FA,32,7,0.1,Tr,0.8,0.8,,0.9,3
14-253,"Rhubarb, stems only, stewed with sugar",FA,203,48,0.1,Tr,11.5,11.5,N,0.9,1
14-389,"Rhubarb, stems only, stewed without sugar",FA,59,14,0.6,0.06,1.2,1.2,1.3,1,1
15-855,Rice and black-eye beans,DR,723,170,2.2,0.95,34.1,0.9,N,5.6,15
15-856,"Rice and black-eye beans, brown rice",DR,694,164,2.4,0.96,31.6,1.0,N,5.9,15
15-857,Rice and pigeon peas,DR,693,163,2.2,0.89,33.1,0.7,N,4.9,18
15-858,"Rice and pigeon peas, brown rice",DR,666,157,2.3,0.90,30.8,0.8,N,5.2,17
15-859,Rice and red kidney beans,DR,672,158,2.1,0.88,31.5,0.5,N,5.2,15
15-860,"Rice and red kidney beans, brown rice",DR,644,152,2.3,0.89,29.1,0.6,N,5.5,15
15-861,Rice and split peas,DR,789,186,2.5,1.00,37.3,0.8,N,5.8,20
15-862,"Rice and split peas, brown rice",DR,758,179,2.7,1.01,34.7,0.9,N,6.2,20
11-867,"Rice, brown, basmati, boiled in unsalted water",AC,558,131,1.1,0.21,28.7,0.3,1.2,3.3,Tr
11-866,"Rice, brown, basmati, raw",AC,1508,355,3.1,0.58,77.6,0.8,3.3,8.9,1
11-871,"Rice, brown, easy cook, boiled in unsalted water",AC,669,157,1.3,N,35.3,0.3,1.5,3.2,1
11-870,"Rice, brown, easy cook, raw",AC,1556,366,3.1,N,82.1,0.7,3.5,7.5,2
11-869,"Rice, brown, wholegrain, boiled in unsalted water",AC,562,132,0.9,0.17,29.2,0.1,1.5,3.6,4
11-868,"Rice, brown, wholegrain, raw",AC,1418,333,1.5,0.28,77.0,0.7,3.0,7.7,Tr
11-885,"Rice, egg fried, ready cooked, re-heated, retail, not takeaway",AC,712,169,5.3,0.72,28.1,Tr,2.8,3.9,409
11-444,"Rice, egg fried, takeaway",AC,787,186,4.9,0.62,33.3,Tr,1.1,4.3,417
11-968,"Rice, pilau, plain, homemade",AC,564,134,3.7,0.47,24.3,0.8,0.6,2.5,1
11-884,"Rice, ready-cooked, ""plain"", re-heated",AC,682,161,1.9,0.30,33.9,Tr,1.1,4.1,151
11-876,"Rice, red, raw",AC,1513,356,2.9,0.53,80.4,0.9,4.1,7.0,2
11-881,"Rice, savoury, including chicken, beef, mushroom and vegetable varieties, dried, cooked",AC,659,155,1.4,0.46,34.0,3.2,1.7,3.7,290
11-880,"Rice, savoury, including chicken, beef, mushroom and vegetable varieties, dried, uncooked",AC,1569,369,2.7,0.91,83.3,6.7,3.6,8.0,1231
11-875,"Rice, Thai fragrant, boiled in unsalted water",AC,568,133,0.4,0.09,32.1,Tr,Tr,2.3,4
11-874,"Rice, Thai fragrant, raw",AC,1502,352,1.1,0.27,84.5,0.1,0.8,6.4,1
11-858,"Rice, white, basmati, boiled in unsalted water",AC,498,117,0.7,0.16,26.5,Tr,0.6,2.8,4
11-860,"Rice, white, basmati, easy cook, boiled in unsalted water",AC,590,138,0.4,0.09,32.2,Tr,Tr,3.5,4
11-859,"Rice, white, basmati, easy cook, raw",AC,1493,350,0.4,0.11,83.8,0.6,1.4,8.1,3
11-857,"Rice, white, basmati, raw",AC,1495,351,0.5,0.14,83.7,0.1,1.1,8.1,1
11-879,"Rice, white, Italian ""Arborio"" risotto, boiled in unsalted water",AC,588,138,0.5,0.09,32.2,Tr,Tr,3.2,4
11-878,"Rice, white, Italian Arborio risotto, raw",AC,1509,354,1.0,0.21,85.2,0.2,1.4,6.4,1
11-862,"Rice, white, long grain, boiled in unsalted water",AC,560,131,0.4,0.09,31.1,Tr,0.5,2.8,11
11-864,"Rice, white, long grain, easy cook, boiled in unsalted water",AC,621,146,0.4,0.08,34.7,Tr,0.7,3.0,6
11-863,"Rice, white, long grain, easy cook, raw",AC,1477,347,1.1,0.23,82.3,Tr,1.7,7.0,2
11-861,"Rice, white, long grain, raw",AC,1513,355,1.0,0.25,85.1,0.2,1.1,6.7,1
11-865,"Rice, white, pudding, raw",AC,1498,352,0.9,0.22,85.6,0.2,1.0,5.6,1
11-873,"Rice, wild, boiled in unsalted water",AC,620,145,0.6,0.12,31.7,0.4,2.5,5.3,4
11-872,"Rice, wild, raw",AC,1461,343,1.1,0.25,75.8,0.1,4.3,12.2,4
19-566,"Risotto, chicken, homemade",MR,725,173,3.3,1.54,25.3,N,0.8,8.9,355
11-999,"Risotto, plain, homemade",AT,778,184,4.7,0.67,35.6,1.0,0.9,3.3,447
15-864,"Risotto, vegetable, brown rice",DR,573,136,6.2,0.72,17.3,1.8,N,4.0,74
15-863,"Risotto, white rice, vegetable, homemade",DR,586,139,6.1,0.71,18.5,1.7,N,3.8,74
15-281,"Rissoles, brown rice, fried in sunflower oil",DR,911,216,8.8,1.30,30.8,1.5,,5.6,350
15-282,"Rissoles, brown rice, fried in vegetable oil",DR,911,216,8.8,1.20,30.8,1.5,,5.6,350
15-865,"Rissoles, chick pea, fried in sunflower oil",DR,1013,243,16.7,2.06,16.0,0.4,N,8.0,11
15-866,"Rissoles, chick pea, fried in vegetable oil",DR,1013,243,16.7,1.34,16.0,0.4,N,8.0,11
15-279,"Rissoles, lentil, fried in sunflower oil",DR,886,211,10.5,1.40,22.0,2.0,,8.9,230
15-280,"Rissoles, lentil, fried in vegetable oil",DR,886,211,10.5,1.30,22.0,2.0,,8.9,230
15-867,"Rissoles, vegetable, fried in sunflower oil",DR,504,121,7.2,1.19,13.2,1.6,N,1.5,23
15-868,"Rissoles, vegetable, fried in vegetable oil",DR,504,121,7.2,0.89,13.2,1.6,N,1.5,23
11-1109,"Rock cakes, homemade",AN,1627,386,14.8,4.90,61.8,32.0,1.4,5.3,382
16-134,"Rock Salmon/Dogfish, in batter, fried in blended oil",JA,1225,295,21.9,2.90,10.3,Tr,,14.7,160
16-135,"Rock Salmon/Dogfish, in batter, fried in blended oil, weighed with bones",JA,1139,274,20.4,2.70,9.6,Tr,,13.7,150
16-136,"Rock Salmon/Dogfish, in batter, fried in dripping",JA,1225,295,21.9,9.60,10.3,Tr,,14.7,160
16-137,"Rock Salmon/Dogfish, in batter, fried in dripping, weighed with bones",JA,1139,274,20.4,8.90,9.6,Tr,,13.7,150
16-138,"Rock Salmon/Dogfish, in batter, fried in retail blend oil",JA,1225,295,21.9,5.30,10.3,Tr,,14.7,160
16-139,"Rock Salmon/Dogfish, in batter, fried in retail blend oil, weighed with bones",JA,1139,274,20.4,4.90,9.6,Tr,,13.7,150
16-140,"Rock Salmon/Dogfish, in batter, fried in sunflower oil",JA,1225,295,21.9,3.10,10.3,Tr,,14.7,160
16-141,"Rock Salmon/Dogfish, in batter, fried in sunflower oil, weighed with bones",JA,1139,274,20.4,2.90,9.6,Tr,,13.7,150
16-133,"Rock Salmon/Dogfish, raw",JA,641,154,9.7,1.40,0.0,0.0,,16.6,120
13-522,"Rocket, raw",DG,74,18,0.4,0.07,Tr,Tr,1.7,3.6,30
16-301,"Roe, cod, hard, coated in batter, fried",JR,790,189,11.8,N,8.9,Tr,,12.4,510
16-299,"Roe, cod, hard, raw",JR,439,104,1.9,0.40,0.0,0.0,,21.7,110
16-302,"Roe, herring, soft, raw",JR,382,91,2.6,0.50,0.0,0.0,,16.8,120
16-132,"Rohu, raw",JA,334,79,1.4,N,0.0,0.0,,16.6,100
13-882,"Rosemary, dried",H,1387,331,15.2,7.37,46.4,N,42.6,4.9,50
13-892,"Rosemary, fresh",H,416,99,4.4,2.15,13.5,N,12.4,1.4,15
15-869,"Roulade, spinach",DR,758,182,13.3,7.33,4.5,2.0,N,10.1,269
11-1111,"Rum baba, homemade",AP,935,222,7.7,1.94,33.1,19.7,N,3.7,59
11-940,Rusks,AK,1674,396,10.7,4.59,73.0,23.4,2.4,6.5,88
15-629,"Saag, homemade",DR,462,111,8.8,1.45,5.0,1.7,2.3,3.3,385
13-852,Saffron,H,1298,310,5.9,N,61.5,42.4,,11.4,150
13-854,"Sage, dried, ground",H,1317,315,12.7,7.00,42.7,N,,10.6,11
13-853,"Sage, fresh",H,502,119,4.6,2.60,15.6,N,,3.9,4
11-023,"Sago, raw",AA,1515,355,0.2,0.10,94.0,Tr,,0.2,3
17-703,Salad cream,WCG,1353,326,26.7,N,21.2,16.7,0.5,1.5,700
17-704,"Salad cream, reduced fat",WCG,657,157,10.6,1.57,15.5,9.2,0.5,1.0,530
15-870,"Salad, beetroot and onion in French dressing",DR,299,71,3.1,N,9.5,8.2,N,1.9,125
15-871,"Salad, Greek",DR,542,131,12.6,3.32,1.9,1.8,N,2.7,209
15-648,"Salad, green",DR,57,13,0.4,0.04,1.6,1.6,N,1.0,8
15-872,"Salad, pasta, vegetables and mayonnaise",DR,632,150,7.9,0.76,17.5,1.9,N,3.7,22
15-873,"Salad, potato, with French dressing",DR,467,111,5.0,N,15.8,2.1,1.5,1.5,93
15-874,"Salad, potato, with mayonnaise",DR,991,239,20.6,1.57,12.7,1.5,1.2,1.6,37
15-654,"Salad, potato, with mayonnaise, retail",DR,658,158,11.8,N,12.3,1.9,1.2,1.5,160
15-875,"Salad, rice, brown",DR,674,160,7.3,0.85,21.6,5.0,N,3.5,170
15-649,"Salad, rice, homemade",DR,706,168,7.0,1.04,24.5,4.9,N,3.1,171
15-876,"Salad, tomato and onion",DR,190,45,2.7,N,4.9,4.1,1.3,0.6,44
15-878,"Salad, Waldorf",DR,811,196,17.8,1.53,7.9,7.9,N,1.5,31
15-294,"Salad, wholemeal pasta, with vegetables and mayonnaise",DR,519,131,7.5,1.10,13.8,2.6,,3.1,73
19-517,Salami,MI,1814,438,39.2,14.60,0.5,0.5,0.4,20.9,1530
19-508,Salami snack,MI,2085,504,44.0,16.79,1.9,1.9,0.5,25.1,1600
19-625,"Salmis of pheasant, homemade",MR,444,106,5.6,N,2.4,1.4,N,9.9,219
16-453,"Salmon en croute, retail",JR,1202,288,19.1,N,18.0,0.9,N,11.8,190
16-359,"Salmon, farmed, flesh only, baked",J,969,232,14.6,2.76,0.0,0.0,Tr,25.2,49
16-357,"Salmon, farmed, flesh only, grilled",J,995,239,15.6,2.95,0.0,0.0,Tr,24.6,49
16-484,"Salmon, farmed, flesh only, grilled, weighed with bones and skin",JC,867,208,13.6,2.57,0.0,0.0,Tr,21.4,43
16-356,"Salmon, farmed, flesh only, raw",J,902,217,15.0,2.77,0.0,0.0,0.2,20.4,43
16-358,"Salmon, farmed, flesh only, steamed",J,1086,261,18.5,3.50,0.0,0.0,Tr,23.6,51
16-483,"Salmon, farmed, flesh only, steamed, fillets weighed with bones and skin",JC,944,227,16.1,3.04,0.0,0.0,Tr,20.5,45
16-420,"Salmon, pink, canned in brine, drained",JC,579,138,4.8,0.92,0.0,0.0,0.0,23.6,352
16-418,"Salmon, red, canned in brine, drained",JC,670,160,7.3,1.43,0.0,0.0,0.0,23.5,430
16-419,"Salmon, red, canned in brine, skinless and boneless, drained",JC,642,153,6.7,1.28,0.0,0.0,0.0,23.2,379
16-412,"Salmon, smoked (cold-smoked)",JC,769,184,10.1,2.15,0.5,0.5,0.0,22.8,1184
16-413,"Salmon, smoked (hot-smoked)",JC,778,186,8.8,1.94,1.3,1.3,0.0,25.4,848
16-485,"Salmon, wild, baked",JC,898,215,12.1,2.53,0.0,0.0,0.0,26.5,58
16-360,"Salmon, wild, flesh only, raw",J,749,179,10.1,2.11,0.0,0.0,0.0,22.1,48
16-486,"Salmon, wild, grilled",JC,877,210,11.8,2.47,0.0,0.0,0.0,25.9,56
16-487,"Salmon, wild, steamed",JC,859,206,11.6,2.42,0.0,0.0,0.0,25.3,55
13-601,"Salsify, flesh only, boiled in unsalted water",DG,99,23,0.4,N,8.6,1.4,N,1.1,5
13-334,"Salsify, flesh only, raw",DG,113,27,0.3,N,10.2,1.5,,1.3,5
17-367,Salt,WY,0,0,0.0,0.00,0.0,0.0,0.0,0.0,39300
16-010,"Salted fish, Chinese, bones removed, steamed",JA,658,155,2.2,N,0.0,0.0,,33.9,5560
12-467,"Sambar, homemade",DR,210,49,0.9,0.17,7.7,1.9,2.4,3.1,444
19-596,"Samosas, lamb, baked, homemade",MR,1200,288,17.5,3.39,23.1,1.6,2.3,11.1,40
19-597,"Samosas, lamb, deep fried in rapeseed oil, homemade",MI,1570,379,31.5,3.72,16.9,1.2,1.7,8.1,29
15-305,"Samosas, vegetable, retail",DR,911,217,9.3,1.09,30.0,2.7,3.5,5.1,390
11-955,"Sandwich, white bread, bacon, lettuce and tomato",AB,965,230,11.9,2.46,24.1,2.4,1.5,8.2,477
11-963,"Sandwich, white bread, cheddar cheese and pickle",AB,1184,282,14.4,7.42,27.7,4.6,1.5,12.0,591
11-964,"Sandwich, white bread, chicken salad",AB,725,172,4.9,1.16,22.5,2.1,1.4,10.7,235
11-966,"Sandwich, white bread, egg mayonnaise",AB,1020,243,11.2,1.89,28.5,2.2,1.5,8.8,323
11-965,"Sandwich, white bread, ham salad",AB,690,163,4.1,0.94,25.0,2.5,1.6,8.2,405
11-967,"Sandwich, white bread, tuna mayonnaise",AB,994,237,10.2,1.29,25.3,2.1,1.4,12.5,350
14-256,"Sapodilla, flesh only",FA,291,69,0.9,N,15.5,14.7,,0.6,7
16-424,"Sardines, canned in brine, drained",JC,712,170,9.1,2.61,0.0,0.0,0.0,22.1,368
16-440,"Sardines, canned in olive oil, drained",JC,918,220,14.1,3.33,0.0,0.0,0.0,23.3,400
16-439,"Sardines, canned in sunflower oil, drained",JC,918,220,14.1,3.21,0.0,0.0,0.0,23.3,400
16-422,"Sardines, canned in tomato sauce, whole contents",JC,729,175,10.8,2.89,0.9,0.9,Tr,18.5,315
16-438,"Sardines, flesh only, grilled",JC,720,172,7.8,2.35,0.0,0.0,0.0,25.4,174
16-488,"Sardines, flesh only, grilled, weighed with skin and bones",JC,453,108,4.9,1.48,0.0,0.0,0.0,16.0,110
16-401,"Sardines, flesh only, raw",JC,562,134,6.1,1.83,0.0,0.0,0.0,19.8,136
12-593,"Sauce, cheese, packet mix, dry",BV,2033,486,28.4,17.60,40.9,5.6,1.7,19.3,2700
17-628,"Sauce, Chinese cook in, sweet & sour",WC,399,94,1.0,Tr,22.1,19.4,0.8,0.5,250
17-629,"Sauce, Chinese stir fry",WC,390,92,1.3,0.12,19.9,16.7,0.9,1.4,570
15-879,"Sauce, curry, onion, with butter, homemade",DR,1043,252,24.7,15.49,6.6,4.4,1.6,1.2,228
15-880,"Sauce, curry, onion, with vegetable oil, homemade",DR,1232,298,30.0,1.96,6.5,4.2,1.6,1.0,11
15-751,"Sauce, curry, sweet, UK type, homemade",DR,385,92,5.7,1.37,9.8,5.7,N,1.1,12
15-881,"Sauce, curry, tomato and onion, homemade",DR,828,201,19.2,1.30,6.1,4.6,2.0,1.7,29
17-329,"Sauce, dry, casserole mix",WC,1400,330,3.9,N,68.2,12.2,N,9.7,5400
17-330,"Sauce, dry, casserole mix, made up",WC,150,35,0.4,N,7.3,1.2,,1.1,590
19-577,"Sauce, duck a l'orange",MR,277,66,3.7,2.10,7.1,1.8,N,0.5,399
17-626,"Sauce, Indian cook in, korma/tikka masala",WC,555,133,9.5,4.41,10.9,7.4,2.5,1.7,270
17-625,"Sauce, pasta, carbonara type",WC,625,151,13.0,7.67,3.8,0.8,1.3,4.9,340
17-624,"Sauce, pasta, four cheese",WC,538,129,9.7,5.73,5.8,1.9,1.3,5.1,325
17-618,"Sauce, pasta, tomato based, for bolognese",WC,184,44,1.3,0.21,6.9,6.1,2.0,1.5,290
17-619,"Sauce, pasta, tomato based, napoletana",WC,270,65,3.8,0.54,6.5,6.3,2.3,1.5,290
17-620,"Sauce, pasta, tomato based, reduced fat",WC,142,33,0.3,0.06,6.7,5.6,2.0,1.4,230
17-621,"Sauce, pasta, tomato based, with added vegetables",WC,193,46,2.1,0.29,5.7,5.1,2.4,1.4,230
17-827,"Sauce, pasta, white, with ham and mushrooms, homemade",WC,534,129,10.6,6.60,1.0,1.0,0.4,7.3,198
17-336,"Sauce, sweet and sour, take-away",WCN,666,157,3.4,N,32.8,27.5,N,0.2,150
15-882,"Sauce, tomato and mushroom, homemade",DR,191,46,2.0,0.19,6.0,4.7,1.5,1.4,6
17-834,"Sauce, tomato based, homemade",WC,291,70,4.5,0.63,6.5,5.1,1.3,1.5,8
17-630,"Sauce, traditional cook in, tomato based",WC,182,43,1.0,0.15,8.1,4.9,1.5,0.9,300
17-631,"Sauce, traditional cook in, white sauce based",WC,437,105,8.6,1.69,5.7,2.8,2.3,1.6,370
17-627,"Sauces, Indian cook in, other",WC,282,67,3.2,0.50,8.7,6.1,2.5,1.4,300
13-336,Sauerkraut,DR,36,9,Tr,Tr,1.1,1.1,N,1.1,590
19-468,"Sausage roll, flaky pastry, ready-to-eat, retail",MI,1467,352,24.1,10.36,27.0,1.3,3.4,8.4,577
19-643,"Sausage rolls, short pastry, homemade",MI,1645,395,28.8,10.65,25.6,2.1,3.3,9.9,376
19-653,"Sausages, beef, fried in vegetable oil",MI,1114,267,17.4,7.57,10.7,2.6,1.6,17.6,490
19-489,"Sausages, beef, grilled",MI,1105,265,17.2,7.90,11.0,2.4,1.6,17.2,500
19-656,"Sausages, beef, raw",MI,1072,258,19.5,7.59,8.4,2.6,1.5,12.7,380
19-512,"Sausages, pork, chilled, fried in vegetable oil",MI,1279,308,23.9,8.50,9.9,1.6,2.1,13.9,640
19-509,"Sausages, pork, chilled, grilled",MI,1221,294,22.1,8.00,9.8,1.5,2.3,14.5,640
19-654,"Sausages, pork, frozen, fried in vegetable oil",MI,1312,316,24.8,8.80,10.0,0.5,2.1,13.8,640
19-655,"Sausages, pork, frozen, grilled",MI,1204,289,21.2,7.60,10.5,0.5,2.3,14.8,640
19-510,"Sausages, pork, raw",MI,1282,309,25.0,9.15,9.6,2.8,2.8,11.9,470
19-662,"Sausages, pork, reduced fat, fried in vegetable oil",MI,607,144,5.7,1.92,8.8,2.6,2.3,14.9,560
19-511,"Sausages, pork, reduced fat, grilled",MI,672,160,6.1,2.24,10.7,3.4,2.5,16.2,680
19-658,"Sausages, pork, reduced fat, raw",MI,591,141,5.6,2.09,8.7,3.5,2.3,14.4,500
19-661,"Sausages, premium, fried in vegetable oil",MI,1065,256,19.5,7.54,2.5,1.0,,17.9,560
19-513,"Sausages, premium, grilled",MI,1141,275,21.1,8.03,2.3,0.9,0.6,19.0,570
19-657,"Sausages, premium, raw",MI,1053,254,21.0,8.17,2.6,1.5,0.5,13.8,500
15-658,"Sausages, vegetarian, baked/grilled",DR,748,179,9.4,2.33,9.2,1.3,N,14.9,550
19-319,"Saveloy, unbattered, takeaway",MI,1233,296,22.3,7.50,10.8,1.3,,13.8,1150
16-262,"Scallops, steamed",JM,501,118,1.4,0.40,3.4,Tr,,23.2,180
16-409,"Scampi, coated in breadcrumbs, baked",JR,975,232,10.5,0.85,24.3,0.8,1.5,11.6,561
16-443,"Scampi, coated in breadcrumbs, fried in sunflower oil",JK,1016,243,13.0,1.15,22.2,0.7,1.4,10.6,512
16-442,"Scampi, in breadcrumbs, frozen, fried in rapeseed oil",JK,1016,243,13.0,1.02,22.2,0.7,1.4,10.6,512
11-1112,"Scones, cheese, homemade",AP,1503,358,16.4,7.18,45.3,1.9,2.1,10.1,659
11-993,"Scones, fruit, retail",AP,1424,338,11.2,6.30,56.2,18.9,2.9,6.5,400
11-1115,"Scones, fruit, wholemeal, homemade",AP,1355,322,11.1,3.65,50.8,13.9,N,7.7,542
11-958,"Scones, plain, homemade",AP,1484,352,12.7,4.40,55.9,5.4,2.4,7.2,635
11-827,"Scones, plain, retail",AN,1459,346,12.3,6.37,55.2,12.7,2.2,7.2,592
11-1113,"Scones, potato, homemade",AP,1173,279,13.6,4.61,36.8,1.4,1.9,4.8,653
11-1114,"Scones, wholemeal, homemade",AP,1343,319,12.3,4.08,46.6,5.6,5.8,8.2,602
17-835,"Scotch broth, homemade",WAA,310,74,3.5,1.60,4.0,1.6,N,6.8,22
19-518,"Scotch eggs, retail",MI,1006,241,16.0,4.30,13.1,Tr,1.7,12.0,330
11-1116,"Scotch pancakes, homemade",AP,1140,270,9.8,3.43,41.1,7.7,1.7,6.6,212
11-544,"Scotch pancakes, retail",AP,1138,270,9.6,0.74,43.0,21.5,1.9,5.6,418
16-454,Seafood selection,JR,369,87,1.5,0.30,2.9,Tr,0.0,15.6,620
16-415,Seafood sticks,JR,433,102,1.9,0.29,14.9,4.8,0.0,7.3,714
13-337,"Seakale, stem only, boiled in unsalted water",DG,33,8,Tr,Tr,0.6,0.6,,1.4,4
13-338,"Seaweed, Irish moss, raw",DG,33,8,0.2,Tr,Tr,Tr,,1.5,67
13-339,"Seaweed, kombu, dried, raw",DG,180,43,1.6,0.50,Tr,Tr,,7.1,1830
13-340,"Seaweed, nori, dried, raw",DG,577,136,1.5,0.40,Tr,Tr,,30.7,790
13-341,"Seaweed, wakame, dried, raw",DG,300,71,2.4,0.30,Tr,Tr,,12.4,3220
11-903,"Semolina, raw",AA,1486,349,1.6,0.23,77.9,0.6,2.9,10.6,1
16-367,"Sesame prawn toast, takeaway",JR,1589,382,29.8,3.84,16.7,0.8,3.6,12.9,470
14-844,Sesame seeds,GA,2470,598,58.0,10.48,0.9,0.4,N,18.2,20
17-836,"Sev/ganthia, homemade",SNC,2003,478,25.1,1.87,47.1,1.9,8.4,18.8,2
11-915,"Sevyian, homemade",AS,503,119,3.1,1.86,20.2,13.6,1.0,3.8,40
13-342,"Shallots, raw",DG,86,20,0.2,Tr,3.3,3.3,,1.5,10
17-760,"Shandy, 50% lager, homemade",QA,96,23,Tr,Tr,2.9,2.9,Tr,0.2,7
17-821,"Shandy, bottled or canned",QA,100,24,Tr,Tr,5.0,5.0,Tr,Tr,7
16-142,"Shark, raw",JA,432,102,1.1,0.20,0.0,0.0,,23.0,140
14-259,"Sharon fruit, flesh only",FA,311,73,Tr,Tr,18.6,18.6,,0.8,5
19-626,"Shepherd's pie, homemade",MR,450,107,5.4,2.04,9.5,0.9,0.9,5.9,233
15-883,"Shepherd's pie, vegetable",DR,479,114,3.9,0.30,16.1,1.5,N,4.5,5
15-655,"Shepherd's pie, vegetable, retail",DR,425,101,4.9,2.00,13.3,1.7,N,1.9,210
17-236,"Sherry, medium",QF,482,116,0.0,0.00,5.9,5.9,0.0,0.1,27
19-525,Shish kebab in pitta bread with salad,MR,629,149,4.1,1.51,15.4,1.3,1.2,13.6,300
19-150,"Shish kebab, meat only",MR,863,206,10.0,3.90,0.0,0.0,0.0,29.0,510
19-627,"Shish kebabs, with onions and peppers, homemade",MR,857,206,15.2,5.60,4.6,3.0,N,12.8,42
11-802,Shortbread,AM,2158,515,29.0,17.45,62.2,15.6,2.2,5.3,321
11-837,"Shortcake, caramel, chocolate covered, retail",AN,1948,466,27.3,15.18,53.6,36.2,2.3,4.7,258
16-245,"Shrimps, boiled",JK,493,117,2.4,0.40,Tr,Tr,,23.8,3840
16-246,"Shrimps, boiled, weighed with shells",JK,163,39,0.8,0.10,Tr,Tr,,7.9,1270
16-247,"Shrimps, canned in brine, drained",JK,398,94,1.2,0.20,Tr,Tr,,20.8,980
16-249,"Shrimps, dried",JK,1037,245,2.4,0.40,Tr,Tr,,55.8,4330
16-248,"Shrimps, frozen",JK,310,73,0.8,0.10,Tr,Tr,,16.5,380
16-144,"Skate, grilled",JA,337,79,0.5,0.10,0.0,0.0,,18.9,150
16-145,"Skate, grilled, weighed with bones",JA,250,59,0.3,Tr,0.0,0.0,,14.0,110
16-143,"Skate, raw",JA,272,64,0.4,Tr,0.0,0.0,,15.1,120
17-096,Smartie-type sweets,SEA,1922,456,17.5,10.40,73.9,70.8,N,5.4,58
17-747,Smoothies,PE,207,49,0.1,Tr,12.2,11.6,1.0,0.5,Tr
16-477,"Sole, flesh only, grilled, fillets weighed with skin",JA,301,71,0.5,0.12,0.0,0.0,0.0,16.6,116
12-393,"Sorbet, fruit",BP,411,97,0.3,N,24.8,23.3,1.0,0.2,10
12-958,"Souffle, cheese, homemade",CD,989,237,16.8,7.38,10.8,2.3,0.4,11.6,266
12-959,"Souffle, plain, homemade",CD,738,177,11.9,4.02,10.5,2.5,0.4,7.7,158
17-637,"Soup, broccoli and stilton, carton, chilled",WA,215,51,3.1,1.69,3.8,1.5,N,2.3,200
17-634,"Soup, carrot and coriander, carton, chilled",WA,187,45,2.6,1.38,4.7,3.0,1.0,0.9,180
17-776,"Soup, carrot and orange, homemade",WAA,83,20,0.5,0.22,3.8,3.5,1.7,0.3,11
17-850,"Soup, chicken noodle, dried",WAE,1364,322,4.8,N,56.0,4.4,N,17.1,3740
17-714,"Soup, chicken noodle, dried, as served",WAE,79,19,0.3,N,3.2,0.3,N,1.0,220
17-695,"Soup, chicken, cream of, canned",WAC,242,58,3.8,0.60,4.5,1.1,Tr,1.7,240
17-696,"Soup, chicken, cream of, canned, condensed",WAC,355,85,5.8,0.80,6.0,1.4,Tr,2.6,490
17-652,"Soup, cream of tomato, canned",WAC,215,51,2.0,0.27,7.8,5.5,0.6,0.9,245
17-794,"Soup, French onion, homemade",WAA,169,41,2.2,0.19,5.0,3.7,1.3,0.9,231
17-795,"Soup, gazpacho, homemade",WAA,192,46,3.6,0.50,2.9,2.5,N,0.8,128
17-796,"Soup, goulash, homemade",WAA,444,106,5.8,1.10,7.2,1.9,1.2,7.7,545
17-653,"Soup, instant, dried, as purchased",WAE,1621,384,13.4,8.70,64.1,17.4,5.6,5.9,2376
17-660,"Soup, instant, dried, as served",WAE,156,37,1.3,0.84,6.2,1.7,0.5,0.6,229
17-698,"Soup, lentil, canned",WAC,196,46,0.2,N,8.5,1.2,N,3.1,200
17-808,"Soup, lentil, homemade",WAA,510,121,4.8,2.81,14.6,1.7,N,5.9,58
17-699,"Soup, low calorie, canned",WAC,140,33,0.7,0.20,6.2,2.4,0.7,0.9,170
17-711,"Soup, minestrone, canned",WA,132,31,0.2,0.10,6.6,1.8,0.9,1.1,200
17-810,"Soup, minestrone, homemade",WAA,250,60,2.3,0.64,7.6,1.4,N,2.1,389
17-813,"Soup, mulligatawny, homemade",WAA,374,90,6.4,3.68,8.1,2.9,0.8,1.9,464
17-635,"Soup, mushroom, carton, chilled",WA,203,48,2.7,1.43,4.9,1.4,0.3,1.5,280
17-713,"Soup, mushroom, cream of, canned",WAC,192,46,3.0,0.50,3.9,0.8,N,1.1,230
17-700,"Soup, oxtail, canned",WAC,185,44,1.7,0.60,5.1,0.9,N,2.4,220
17-829,"Soup, pea and ham, homemade",WAA,308,73,2.2,1.07,9.8,1.5,N,4.1,235
17-831,"Soup, potato and leek, homemade",WAA,235,56,2.2,1.32,6.2,1.5,N,1.5,47
17-636,"Soup, tomato, carton, chilled",WA,154,37,1.9,0.86,4.3,3.3,1.4,0.9,198
17-712,"Soup, vegetable, canned",WAC,164,39,0.6,N,7.4,2.6,N,1.4,230
17-684,"Soup, vegetable, homemade",WAA,230,55,4.2,2.41,3.7,1.8,N,1.0,315
17-721,"Soy sauce, light and dark varieties",WCN,337,79,Tr,0.00,17.9,16.4,Tr,3.0,5500
19-628,"Spaghetti bolognese, homemade",MR,635,151,6.1,2.15,17.2,1.8,1.2,8.1,92
19-542,"Spaghetti bolognese, retail, meat and sauce only, reheated",MR,454,108,5.7,2.30,5.3,3.0,N,9.3,290
19-524,"Spaghetti bolognese, retail, reheated, with spaghetti",MR,536,126,2.8,1.06,20.0,1.9,N,6.6,182
13-550,"Spinach, baby, boiled in unsalted water",DG,86,20,0.7,0.19,0.2,Tr,1.2,3.2,42
13-521,"Spinach, baby, raw",DG,69,16,0.6,0.08,0.2,Tr,1.0,2.6,30
17-417,"Spinach, dried",DI,889,211,6.9,0.90,13.8,12.9,,24.3,1220
13-458,"Spinach, frozen, boiled in unsalted water",DG,90,21,0.8,0.10,0.5,0.3,N,3.1,16
13-573,"Spinach, mature, boiled in unsalted water",DG,79,19,0.8,0.10,0.8,0.8,N,2.2,120
13-572,"Spinach, mature, raw",DG,103,25,0.8,0.10,1.6,1.5,N,2.8,140
17-247,"Spirits, 40% volume",QK,919,222,0.0,0.00,Tr,Tr,0.0,Tr,Tr
16-219,"Sprats, fried",JC,1718,415,35.0,5.30,0.0,0.0,,24.9,240
16-220,"Sprats, fried, weighed with bones",JC,1031,249,21.0,3.20,0.0,0.0,,14.9,140
16-218,"Sprats, raw",JC,718,172,11.0,2.20,0.0,0.0,,18.3,200
13-350,"Spring greens, boiled in unsalted water",DG,82,20,0.7,0.10,1.6,1.4,,1.9,10
13-348,"Spring greens, raw",DG,136,33,1.0,0.10,3.1,2.7,,3.0,20
13-352,"Spring onions, bulbs and tops, raw",DG,98,23,0.5,0.10,3.0,2.8,N,2.0,7
13-351,"Spring onions, bulbs only, raw",DG,151,35,Tr,Tr,8.5,8.5,,0.9,13
19-327,"Spring rolls, meat, takeaway",MR,1009,242,16.4,3.81,18.2,1.8,2.0,6.5,485
13-354,"Squash, acorn, baked",DG,234,56,0.1,Tr,12.6,1.6,,1.1,4
13-353,"Squash, acorn, raw",DG,167,40,0.1,Tr,9.0,1.0,,0.8,3
13-644,"Squash, butternut, baked",DG,168,39,0.2,Tr,8.4,8.4,2.1,1.4,Tr
13-643,"Squash, butternut, boiled in unsalted water",DG,100,24,0.1,Tr,5.1,5.1,1.3,0.9,Tr
13-355,"Squash, butternut, raw",DG,155,36,0.1,Tr,8.3,4.5,,1.1,4
13-358,"Squash, spaghetti, baked",DG,96,23,0.3,0.10,4.3,3.4,,0.7,18
13-357,"Squash, spaghetti, raw",DG,111,26,0.6,0.10,4.6,3.6,,0.6,17
16-267,"Squid, dried",JM,1323,313,4.6,1.00,4.8,Tr,,63.3,940
16-263,"Squid, raw",JM,344,81,1.7,0.40,1.2,Tr,,15.4,110
14-059,Star fruit,FA,136,32,0.3,0.10,7.3,7.1,,0.5,2
19-630,"Steak and kidney pudding, homemade",MI,881,210,10.9,5.76,18.6,0.8,N,10.7,87
19-473,"Stew, beef, homemade",MR,441,105,4.6,1.53,4.8,2.0,1.1,11.9,259
19-550,"Stew, beef, made with lean beef, homemade",MR,391,93,3.1,0.86,4.8,2.0,1.1,12.2,260
19-590,"Stew, beef, with dumplings, homemade",MR,797,190,10.0,4.83,16.2,1.6,N,10.1,240
19-479,"Stew, Irish, homemade",MR,501,119,6.2,2.89,9.4,1.9,1.5,7.3,115
19-585,"Stew, Irish, made with lean lamb, homemade",MR,450,107,4.9,2.23,8.6,1.8,1.5,7.6,26
19-460,"Stir-fry beef with green peppers and blackbean sauce, takeaway",MR,429,103,5.6,1.37,2.7,1.0,,10.5,577
17-515,"Stock cubes, beef",WY,N,N,9.2,3.51,N,N,0.0,16.8,14560
17-726,"Stock cubes, chicken",WY,N,N,15.4,N,N,N,0.6,15.4,16300
17-774,"Stock cubes, chicken, made up with water",WY,N,N,0.5,N,N,N,0.0,0.5,579
17-727,"Stock cubes, vegetable",WY,N,N,17.3,N,N,N,1.8,13.5,16800
17-680,Stock gel,WY,692,163,3.6,1.74,27.8,5.7,1.8,6.7,6450
17-681,"Stock, chicken, ready made, retail",WY,50,12,0.2,0.10,0.2,0.1,0.3,2.3,225
17-767,"Stout, Guinness",QA,153,37,Tr,Tr,3.2,3.2,Tr,0.4,6
14-324,"Strawberries, raw",FA,126,30,0.5,0.04,6.1,6.1,3.8,0.6,1
11-919,"Strudel, fruit filled, retail, frozen",AS,1011,241,13.5,5.02,29.1,10.6,5.4,2.7,N
17-371,"Stuffing mix, dried",AT,1436,338,5.2,2.40,67.2,4.4,,9.9,1460
17-372,"Stuffing mix, dried, assorted flavours, made up",AT,412,97,1.5,0.80,19.3,1.3,N,2.8,420
11-1000,"Stuffing, sage and onion, homemade",AT,1060,253,13.3,4.15,29.4,5.4,N,5.6,263
17-011,"Suet, shredded",OF,3402,826,86.7,49.90,12.1,0.2,N,Tr,Tr
17-759,"Suet, vegetable, reduced fat",OF,2971,718,65.7,32.80,31.1,1.4,1.3,2.5,10
14-076,"Sugar apple, flesh only",FA,296,69,0.3,N,16.1,14.9,,1.6,7
17-060,"Sugar, brown",SC,1623,380,0.0,0.00,101.3,101.3,0.0,0.1,31
17-061,"Sugar, Demerara",SC,1681,394,0.0,0.00,104.5,104.5,0.0,0.5,5
17-062,"Sugar, icing",SC,1678,393,0.0,0.00,104.9,103.8,0.0,Tr,12
17-063,"Sugar, white",SC,1680,394,0.0,0.00,105.0,105.0,0.0,Tr,5
14-263,Sultanas,FA,1171,275,0.4,N,69.4,69.4,N,2.7,19
14-845,Sunflower seeds,GA,2392,576,47.5,6.58,18.6,1.7,N,19.8,3
14-846,"Sunflower seeds, toasted",GA,2497,602,49.2,6.80,19.3,1.8,,20.5,3
16-361,"Sushi, salmon nigiri",JR,644,152,2.5,0.48,25.2,3.2,1.2,8.7,360
16-362,"Sushi, tuna nigiri",JR,720,170,2.5,0.68,30.3,4.7,1.2,8.4,331
15-617,"Sushi, vegetable",DR,630,148,1.3,N,32.8,7.0,1.6,3.4,521
13-650,"Swede, flesh only, boiled in unsalted water",DG,109,26,0.1,Tr,5.8,5.7,3,0.7,4
13-359,"Swede, flesh only, raw",DG,101,24,0.3,Tr,5.0,4.9,,0.7,15
19-324,"Sweet and sour chicken, takeaway",MR,814,194,10.0,1.29,19.7,10.7,N,7.6,259
19-304,"Sweet and sour pork, battered, takeaway",MR,1005,240,13.9,2.33,22.4,11.5,1.2,7.8,249
19-485,"Sweet and sour pork, homemade",MR,736,176,8.3,1.99,11.6,7.8,N,12.7,282
15-884,Sweet potato and onion layer,DR,523,124,1.8,1.04,23.3,6.8,N,3.4,66
13-363,"Sweet potato, baked",DG,488,115,0.4,0.20,27.9,14.5,,1.6,52
13-646,"Sweet potato, flesh only, boiled in unsalted water",DG,245,58,0.2,0.07,13,9.4,2.7,1.7,37
13-463,"Sweet potato, raw, flesh only",DG,372,87,0.3,0.10,21.3,5.7,N,1.2,40
13-365,"Sweet potato, steamed",DG,356,84,0.3,0.10,20.4,8.4,,1.1,35
13-647,"Sweet potato, wedges, flesh and skin, baked in rapeseed oil",DG,589,139,3.9,0.43,24.7,18.8,5.2,2.9,69
18-422,"Sweetbread, lamb, fried in corn oil",MG,910,217,11.4,N,0.0,0.0,,28.7,52
18-421,"Sweetbread, lamb, raw",MG,549,131,7.8,3.00,0.0,0.0,,15.3,75
13-634,"Sweetcorn, baby, boiled in unsalted water",DG,133,31,0.6,0.13,4.6,3.8,2.4,2.2,Tr
13-635,"Sweetcorn, baby, stir-fried in rapeseed oil",DG,350.9,84.25,6,0.49,5.4,4.5,2.8,2.5,Tr
13-529,"Sweetcorn kernels, canned in water, drained",DG,330,78,1.7,0.27,13.9,7.5,3.1,2.6,1
13-609,"Sweetcorn, dried",DI,1059,251,7.1,0.93,35.5,9.4,N,13.4,4
13-508,"Sweetcorn, kernels, boiled 'on the cob' in unsalted water",DG,284,67,1.9,0.25,9.5,2.5,5.1,3.6,Tr
13-606,"Sweetcorn, kernels, boiled 'on the cob' in unsalted water, weighed with core",DG,166,39,1.1,0.15,5.6,1.5,3.0,2.1,Tr
13-623,"Sweetcorn, kernels, 'on-the-cob', raw, weighed with core",DG,150,36,1.1,0.12,4.8,1.2,N,2.0,Tr
13-622,"Sweetcorn, kernels, raw",DG,254,60,1.8,0.20,8.1,2.0,N,3.4,1
17-101,"Sweets, boiled",SEC,1394,327,Tr,0.00,87.1,86.7,0.0,Tr,25
17-647,"Sweets, chew sweets",SEC,1599,377,6.0,3.57,85.1,54.5,Tr,0.9,30
17-828,"Sweets, sherbert",SEC,1513,355,0.0,0.00,93.9,93.9,Tr,0.6,N
16-222,"Swordfish, flesh only, grilled",JC,583,139,5.2,1.20,0.0,0.0,,22.9,170
16-223,"Swordfish, flesh only, grilled, weighed with bones and skin",JC,519,123,4.6,1.10,0.0,0.0,,20.4,150
16-221,"Swordfish, flesh only, raw",JC,458,109,4.1,0.90,0.0,0.0,,18.0,130
17-064,"Syrup, corn, dark",SC,1181,282,0.0,0.00,76.6,28.1,,0.0,160
17-065,"Syrup, golden",SC,1269,298,0.0,0.00,79.0,79.0,0.0,0.3,270
16-335,"Szechuan prawns with vegetables, takeaway",JR,347,83,4.7,0.66,2.5,0.8,1.2,7.8,536
15-885,Tabouleh,DR,497,119,4.6,0.29,17.2,0.7,N,2.6,4
14-847,Tahini paste,GA,2508,607,58.9,8.40,0.9,0.4,N,18.5,20
14-264,"Tamarillos, flesh and seeds",FA,120,28,0.3,0.10,4.7,4.7,,2.0,1
14-265,Tamarind,FA,1011,238,0.3,0.10,56.5,N,,2.3,15
13-855,"Tamarind leaves, fresh",H,486,115,2.1,N,18.2,N,,5.8,N
13-856,"Tamarind pulp, flesh only",H,1162,273,0.3,N,64.5,64.5,,3.2,N
13-375,"Tannia, raw",DG,453,107,0.4,N,24.5,0.2,,1.3,4
11-027,"Tapioca, raw",AA,1531,359,0.1,Tr,95.0,Tr,,0.4,4
16-449,Taramasalata,JR,2130,517,52.9,4.10,7.4,1.2,0.3,3.2,450
13-380,"Taro leaves, raw",DG,150,35,0.9,0.20,2.6,2.2,,4.4,3
13-381,"Taro leaves, steamed",DG,82,19,0.5,0.10,1.4,1.2,,2.4,2
13-377,"Taro, baked",DG,555,130,0.2,N,32.4,1.4,,1.7,5
13-378,"Taro, boiled in unsalted water",DG,386,91,0.2,N,22.4,0.9,,1.2,3
13-376,"Taro, raw",DG,451,106,0.2,N,26.2,1.1,,1.4,4
13-379,"Taro, steamed",DG,421,99,0.2,N,24.5,1.0,,1.3,4
13-858,"Tarragon, dried, ground",H,1237,295,7.2,N,42.8,N,,22.8,62
13-857,"Tarragon, fresh",H,206,49,1.1,N,6.3,N,,3.4,9
11-1028,"Tart, bakewell, homemade",AS,1894,454,30.4,8.80,40.8,22.7,1.5,6.9,212
11-1058,"Tart, custard, large, homemade",AP,1147,275,17.4,6.63,25.2,5.9,1.7,5.8,149
11-1093,"Tart, mincemeat, one crust, homemade",AP,1619,385,17.9,N,56.4,37.6,N,3.1,120
17-722,Tartare sauce,WCN,1241,299,24.6,N,17.9,16.2,0.6,1.3,1080
11-1123,"Tartlets, strawberry, homemade",AP,848,202,10.1,6.18,27.2,7.7,2.2,2.4,86
11-845,"Tarts, bakewell, iced, retail",AS,1729,411,16.8,6.94,65.9,45.2,1.1,3.1,132
12-461,"Tarts, custard, individual",BR,1102,263,14.3,5.87,28.7,14.2,1.1,6.7,114
11-1085,"Tarts, jam, homemade",AP,1606,382,16.8,6.25,58.0,37.4,N,3.4,135
11-1086,"Tarts, jam, wholemeal, homemade",AP,1542,366,14.0,8.54,59.6,37.4,N,4.2,134
17-165,"Tea, black, infusion, average",PAA,2,Tr,Tr,Tr,Tr,Tr,0.0,0.1,Tr
17-167,"Tea, black, infusion, strong",PAC,2,Tr,Tr,Tr,Tr,Tr,,0.1,Tr
17-166,"Tea, black, infusion, weak",PAC,2,Tr,Tr,Tr,Tr,Tr,,0.1,Tr
17-170,"Tea, Chinese, leaves, infusion",PAC,5,1,0.0,0.00,0.2,Tr,,0.1,Tr
17-171,"Tea, green, infusion",PAC,Tr,Tr,0.0,0.00,Tr,Tr,0.0,0.1,1
17-172,"Tea, herbal, infusion",PAC,3,1,Tr,Tr,0.2,0.0,0.0,0.0,Tr
17-169,"Tea, infusion, average, with semi-skimmed milk",PAC,28,7,0.2,0.10,0.7,0.7,,0.5,7
17-168,"Tea, infusion, average, with whole milk",PAC,32,8,0.4,0.30,0.5,0.5,,0.4,6
13-118,Tempeh,DB,697,166,6.4,N,6.4,0.9,,20.7,6
15-886,"Tempeh burgers, fried in vegetable oil",DR,792,188,7.9,N,22.2,1.0,1.3,8.3,130
13-883,"Thyme, dried, ground",H,1156,276,7.4,2.70,45.3,1.7,37.0,9.1,55
13-893,"Thyme, fresh",H,401,95,2.5,1.20,15.1,0.6,12.3,3.0,18
14-848,Tigernuts,GA,1685,403,23.8,4.00,45.7,16.1,,4.3,1
16-154,"Tilapia, raw",JA,358,85,1.5,0.30,0.0,0.0,,17.8,52
15-626,"Tinda subji, homemade",DR,393,95,8.1,0.83,4.1,4.1,2.8,1.6,408
12-476,Tiramisu,BR,1021,244,14.0,8.61,27.1,21.1,1.0,4.2,67
19-635,"Toad in the hole, homemade",MR,1190,285,17.9,6.56,20.2,3.3,2.4,12.0,334
19-636,"Toad in the hole, made with skimmed milk and reduced fat sausages, homemade",MR,739,175,5.2,1.82,19.7,3.8,2.1,13.6,353
17-646,"Toffees, mixed",SEC,1630,387,15.9,8.60,62.9,39.1,Tr,2.1,312
15-887,"Tofu burger, baked",DR,483,115,4.0,0.51,13.2,2.6,N,7.3,211
15-888,Tofu spread,DR,858,208,20.1,1.61,2.4,2.3,N,4.4,246
13-570,"Tofu, soya bean, steamed",DB,304,73,4.2,0.50,0.7,0.3,N,8.1,4
13-571,"Tofu, soya bean, steamed, fried",DB,1086,261,17.7,N,2.0,0.9,N,23.5,12
13-382,Tomato juice,PE,62,14,Tr,Tr,3.0,3.0,N,0.8,230
17-709,Tomato ketchup,WCN,489,115,0.1,Tr,28.6,27.5,0.9,1.6,800
13-531,Tomato puree,DG,287,67,0.2,0.04,12.9,12.9,4.7,4.4,49
50-1173,"Tomato sauce, homemade",WCN,374,89,5.5,1.80,8.6,4.0,,2.2,340
13-530,"Tomatoes, canned, whole contents",DG,80,19,0.1,0.01,3.8,3.8,0.8,1.1,5
13-519,"Tomatoes, cherry, raw",DG,94,22,0.5,0.10,3.6,3.6,1.3,1.1,4
13-603,"Tomatoes, standard, fried in corn oil",DG,371,89,7.7,1.12,4.5,4.5,1.5,0.8,3
13-602,"Tomatoes, standard, fried in rapeseed oil",DG,371,89,7.7,0.53,4.5,4.5,1.5,0.8,3
13-518,"Tomatoes, standard, grilled, flesh and seeds only",DG,72,17,0.2,0.04,3.4,3.4,Tr,0.6,2
13-517,"Tomatoes, standard, raw",DG,61,14,0.1,0.03,3.0,3.0,1.0,0.5,2
15-321,"Tomatoes, stuffed with rice",DR,887,212,13.4,2.00,22.2,7.7,,2.1,89
15-889,"Tomatoes, stuffed with vegetables",DR,397,95,6.0,0.47,8.9,7.4,2.6,1.7,5
18-423,"Tongue, lamb, raw",MG,800,193,14.6,N,0.0,0.0,,15.3,420
18-424,"Tongue, ox, meat only, pickled, raw",MG,914,220,17.5,N,0.0,0.0,,15.7,1210
18-425,"Tongue, ox, meat only, pickled, stewed",MG,1216,293,23.9,N,0.0,0.0,,19.5,1000
18-426,"Tongue, ox, meat only, stewed",MG,1007,242,18.3,N,0.0,0.0,,19.4,860
18-427,"Tongue, sheep, meat only, stewed",MG,1197,289,24.0,N,0.0,0.0,,18.2,80
17-736,Tonic water,PCA,94,22,0.0,0.00,5.9,5.9,0.0,0.0,4
17-670,Topic/Snickers and own brand equivalents,SEA,2005,479,28.2,9.15,52.1,46.1,2.8,7.5,187
15-625,"Tori ki subji, homemade",DR,447,108,9.5,1.03,3.9,3.9,3.0,1.9,459
12-408,"Torte, fruit",BR,1080,258,15.5,9.35,27.7,17.4,1.2,3.8,88
17-644,Tortilla chips fried in sunflower oil,SN,2110,504,27.4,2.89,60.8,2.5,5.9,7.2,636
11-925,"Tortilla, wheat, soft",AF,1206,285,5.7,2.50,53.9,2.0,3.6,7.8,622
14-849,Trail mix,GA,1804,432,28.5,N,37.2,37.1,5.1,9.1,27
11-1126,"Treacle tart, homemade",AS,1599,380,15.9,5.84,59.2,33.8,1.7,3.8,258
17-826,"Treacle, black",SC,1096,257,0.0,0.00,67.2,66.8,Tr,1.2,180
12-409,"Trifle, fruit, retail",BR,689,164,9.0,5.56,19.5,15.3,2.4,2.6,65
12-600,"Trifle, homemade",BR,700,167,7.9,4.42,21.6,16.7,N,2.7,76
12-601,"Trifle, with Dream Topping",BR,638,152,5.9,3.37,22.1,17.1,N,2.8,78
19-637,"Tripe and onions, stewed, homemade",MR,391,93,1.4,0.77,9.4,4.8,1.0,8.4,64
18-428,"Tripe, dressed, raw",MG,139,33,0.5,0.20,0.0,0.0,,7.1,50
50-502,"Tripe, dressed, stewed in milk",MG,418,100,4.5,2.40,0.0,Tr,,14.8,73
16-224,"Trout, brown, raw",JC,470,112,3.8,N,0.0,0.0,,19.4,56
50-629,"Trout, brown, steamed",JC,566,135,4.5,1.00,0.0,0.0,,23.5,88
50-630,"Trout, brown, steamed, weighed with bones",JC,375,89,3.0,0.70,0.0,0.0,,15.5,58
16-489,"Trout, rainbow, baked, flesh only, fillets weighed with bones and skin",JC,548,131,5.3,1.25,0.0,0.0,0.0,20.7,81
16-396,"Trout, rainbow, flesh only, baked",JC,630,150,6.1,1.44,0.0,0.0,0.0,23.8,93
16-395,"Trout, rainbow, flesh only, raw",JC,534,127,5.3,1.21,0.0,0.0,0.0,19.9,110
17-098,"Truffles, mocha, homemade",SEA,2049,488,24.9,15.00,63.8,62.9,,6.2,37
17-837,"Truffles, rum, homemade",SEA,2209,529,32.9,19.02,54.2,53.4,N,6.0,51
16-416,"Tuna, canned in brine, drained",JC,460,109,1.0,0.30,0.0,0.0,0.0,24.9,293
16-417,"Tuna, canned in sunflower oil, drained",JC,669,159,6.4,0.78,0.0,0.0,0.0,25.4,368
16-400,"Tuna, flesh only, baked",JC,579,136,0.8,0.29,0.0,0.0,0.0,32.3,63
16-399,"Tuna, flesh only, raw",JC,454,107,0.7,0.21,0.0,0.0,0.0,25.2,66
16-156,"Turbot, flesh only, grilled",JA,514,122,3.5,0.90,0.0,0.0,,22.7,9
16-157,"Turbot, flesh only, grilled, weighed with bones and skin",JA,319,76,2.1,0.50,0.0,0.0,,14.1,6
16-155,"Turbot, flesh only, raw",JA,401,95,2.7,0.70,0.0,0.0,,17.7,68
19-638,"Turkey and pasta bake, homemade",MR,545,130,5.6,2.49,7.2,2.0,1.0,12.0,142
19-543,Turkey slices,MI,481,114,1.9,0.60,1.2,0.4,Tr,23.0,590
18-356,"Turkey, breast, fillet, grilled, meat only",MCO,658,155,1.7,0.60,0.0,0.0,0.0,35.0,90
18-348,"Turkey, dark meat, raw",MCO,439,104,2.5,0.80,0.0,0.0,0.0,20.4,90
18-358,"Turkey, dark meat, roasted",MCO,745,177,6.6,2.00,0.0,0.0,0.0,29.4,110
18-365,"Turkey, drumsticks, roasted, meat and skin",MCO,780,186,8.5,2.60,0.0,0.0,,27.4,105
18-366,"Turkey, drumsticks, roasted, meat and skin, weighed with bone",MCO,561,134,6.1,1.80,0.0,0.0,,19.7,75
18-364,"Turkey, drumsticks, roasted, meat only",MCO,683,162,5.8,1.70,0.0,0.0,,27.5,105
18-349,"Turkey, light meat, raw",MCO,444,105,0.8,0.30,0.0,0.0,0.0,24.4,50
18-359,"Turkey, light meat, roasted",MCO,648,153,2.0,0.70,0.0,0.0,0.0,33.7,50
18-350,"Turkey, meat, average, raw",MCO,443,105,1.6,0.50,0.0,0.0,0.0,22.6,68
18-361,"Turkey, meat, average, roasted",MCO,701,166,4.6,1.40,0.0,0.0,0.0,31.2,90
18-354,"Turkey, mince, stewed",MCO,739,176,6.8,2.00,0.0,0.0,,28.6,45
18-360,"Turkey, self-basting, light meat, roasted",MCO,688,163,4.0,1.20,0.0,0.0,,31.7,90
18-362,"Turkey, skin, dry, roasted",MCO,1995,481,40.2,13.20,0.0,0.0,0.0,29.9,110
18-363,"Turkey, skin, moist, roasted",MCO,1542,372,31.7,10.50,0.0,0.0,,21.6,120
18-351,"Turkey, skin, raw",MCO,1374,332,30.7,10.10,0.0,0.0,,14.0,67
19-640,"Turkey, stir-fried with vegetables, homemade",MR,345,82,2.3,0.34,3.6,2.1,N,11.1,190
18-357,"Turkey, strips, stir-fried in corn oil",MCO,692,164,4.5,N,0.0,0.0,0.0,31.0,60
18-355,"Turkey, thighs, diced, casseroled, meat only",MCO,760,181,7.5,2.50,0.0,0.0,0.0,28.3,65
18-352,"Turkey, whole, raw",MCO,560,133,5.2,1.70,0.0,0.0,,21.6,70
18-353,"Turkey, whole, raw, weighed with bone",MCO,390,93,3.6,1.10,0.0,0.0,,15.1,50
18-367,"Turkey, whole, roasted, meat and skin",MCO,799,190,7.4,2.30,0.0,0.0,,30.9,90
18-368,"Turkey, whole, roasted, meat and skin, weighed with bone",MCO,519,124,4.8,1.50,0.0,0.0,,20.1,60
17-593,"Turkish delight, with nuts, homemade",SEC,1478,348,2.6,0.35,82.0,81.8,,4.1,85
17-122,"Turkish delight, without nuts",SEC,1257,295,0.0,0.00,77.9,68.6,0.0,0.6,31
13-861,"Turmeric, ground",H,N,N,7.0,2.90,N,N,,6.7,31
13-392,"Turnip tops, boiled in unsalted water",DG,53,13,Tr,N,0.2,0.1,,2.7,7
13-391,"Turnip, boiled in unsalted water",DG,51,12,0.2,Tr,2.0,1.9,N,0.6,28
13-389,"Turnip, flesh only, raw",DG,98,23,0.3,Tr,4.7,4.5,,0.9,15
17-694,Twiglets,SN,1659,393,11.8,1.60,63.3,0.6,12.4,12.3,800
12-547,Tzatziki,BN,314,76,5.5,3.58,3.4,3.0,0.3,3.4,369
12-468,"Urad dahl, homemade",DR,340,81,3.2,0.44,8.7,0.8,2.7,4.8,334
18-487,"Veal, escalope, fried in corn oil",MAI,825,196,6.8,1.76,0.0,0.0,0.0,33.7,86
18-486,"Veal, escalope, raw",MAI,449,106,1.7,0.60,0.0,0.0,0.0,22.7,59
18-094,"Veal, mince, raw",MAI,604,144,7.0,2.90,0.0,0.0,,20.3,83
18-095,"Veal, mince, stewed",MAI,858,205,11.1,4.70,0.0,0.0,,26.3,74
15-656,"Vegeburger, retail, grilled",DR,677,161,7.2,N,8.0,3.6,4.5,16.6,490
15-657,"Vegetable and cheese grill/burger, in crumbs, baked/grilled",DR,1005,240,14.0,4.64,23.0,1.3,N,7.0,290
15-650,"Vegetable bake, homemade",DR,509,121,5.9,2.65,13.7,4.6,1.2,4.3,107
15-344,"Vegetable stir fry mix, fried in corn oil",DR,270,64,3.6,0.50,6.4,3.9,,2.0,11
15-661,"Vegetable stir fry mix, fried in rapeseed oil",DR,270,64,3.6,0.24,6.4,3.9,N,2.0,11
15-345,"Vegetable stir fry mix, fried in sunflower oil",DR,270,64,3.6,0.40,6.4,3.9,,2.0,11
15-621,"Vegetables, mixed, cooked with onion, spice and tomatoes, homemade",DR,342,82,5.3,0.73,6.6,3.4,3.3,2.4,374
13-543,"Vegetables, mixed, frozen, boiled in unsalted water",DG,180,42,0.5,N,6.6,3.6,N,3.3,15
13-604,"Vegetables, mixed, stir-fry type, frozen, fried in rapeseed oil",DG,270,64,3.6,N,6.4,3.9,N,2.0,14
15-364,"Vegetables, stir-fried, takeaway",DR,216,52,4.1,0.77,2.1,0.2,2.1,1.8,399
19-610,"Venison in red wine and port, homemade",MR,369,88,2.5,1.46,3.4,1.6,0.6,9.7,186
18-390,"Venison, meat only, raw",MEE,437,103,1.6,0.80,0.0,0.0,,22.2,55
18-491,"Venison, roast",MEE,698,165,2.5,N,0.0,0.0,0.0,35.6,52
17-239,"Vermouth, dry",QG,453,109,0.0,0.00,3.0,3.0,0.0,0.1,11
15-823,"Vine leaves, stuffed with rice",DR,1094,263,17.8,2.55,23.8,10.5,N,2.6,551
17-339,Vinegar,WY,89,22,0.0,0.00,0.6,0.6,0.0,0.4,5
11-800,"Wafers, plain ice cream wafers, not filled",AM,1565,368,3.0,0.59,79.7,3.5,3.4,10.5,192
11-1130,"Waffles, homemade",AP,1408,335,15.3,8.96,43.0,3.4,1.9,9.0,306
14-879,"Walnuts, kernel only",GA,2837,688,68.5,7.47,3.3,2.6,N,14.7,7
14-887,"Walnuts, kernel only, weighed with shells",GA,1217,295,29.4,3.21,1.4,1.1,,6.3,3
13-394,"Water chestnuts, raw",DG,198,46,0.2,N,10.4,4.8,,1.4,12
17-377,"Water, distilled",WY,0,0,0.0,0.00,0.0,0.0,0.0,0.0,0
13-653,"Watercress, raw",DG,43,10,0.3,0.09,Tr,Tr,1.5,1.9,37
11-1131,"Welsh cakes, homemade",AN,1816,432,17.8,10.80,61.9,31.5,1.7,5.5,238
11-1132,"Welsh cheesecakes, homemade",AP,1760,420,23.8,8.39,49.2,22.5,1.9,5.3,313
12-602,"Welsh rarebit, homemade",BV,1656,398,28.4,17.38,23.1,2.4,1.2,13.9,592
12-603,"Welsh rarebit, wholemeal, homemade",BV,1612,387,27.4,16.59,22.1,2.1,3.5,14.4,581
11-904,"Wheat, bulgur, raw",AA,1499,352,2.0,0.28,77.8,1.1,6.7,10.6,5
11-907,Wheatgerm,AA,1490,352,8.4,1.13,44.7,16.0,13.9,27.3,3
16-268,"Whelks, boiled",JM,376,89,1.2,0.20,Tr,Tr,,19.5,280
16-269,"Whelks, boiled, weighed with shells",JM,128,30,0.4,0.10,Tr,Tr,,6.6,95
16-158,"White fish, dried, salted",JA,627,148,1.1,N,0.0,0.0,,34.5,7530
17-667,"White sauce, savoury, made with semi-skimmed milk, homemade",WCD,548,131,8.0,5.04,11.1,5.1,0.3,4.4,100
17-778,"White sauce, savoury, made with skimmed milk, homemade",WCD,493,118,6.5,4.03,11.1,5.2,0.3,4.5,102
17-779,"White sauce, savoury, made with whole milk, homemade",WCD,660,158,10.8,6.80,11.6,4.9,0.3,4.4,105
17-841,"White sauce, sweet, made with semi-skimmed milk, homemade",WCD,615,146,6.7,2.74,18.6,13.2,0.3,4.0,93
17-842,"White sauce, sweet, made with skimmed milk, homemade",WCD,565,134,5.3,1.81,18.7,13.3,0.3,4.1,95
17-843,"White sauce, sweet, made with whole milk, homemade",WCD,684,163,8.6,3.94,18.6,13.1,0.3,4.0,93
16-231,"Whitebait, in flour, fried",JC,2174,525,47.5,N,5.3,0.1,,19.5,230
14-268,"Whitecurrants, raw",FA,112,26,Tr,Tr,5.6,5.6,,1.3,2
14-269,"Whitecurrants, stewed with sugar",FA,245,57,Tr,Tr,14.2,14.2,,1.0,1
14-270,"Whitecurrants, stewed without sugar",FA,95,22,Tr,Tr,4.8,4.8,,1.1,1
16-159,"Whiting, flesh only, raw",JA,344,81,0.7,0.10,0.0,0.0,,18.7,90
16-160,"Whiting, flesh only, steamed",JA,389,92,0.9,0.10,0.0,0.0,,20.9,110
16-161,"Whiting, flesh only, steamed, weighed with bones and skin",JA,361,85,0.8,0.10,0.0,0.0,,19.4,100
16-162,"Whiting, in crumbs, fried in blended oil",JA,801,191,10.3,1.10,7.0,0.2,,18.1,200
16-163,"Whiting, in crumbs, fried in blended oil, weighed with bones and skin",JA,721,172,9.3,1.00,6.3,0.2,,16.3,180
16-164,"Whiting, in crumbs, fried in dripping",JA,801,191,10.3,5.70,7.0,0.2,,18.1,200
16-165,"Whiting, in crumbs, fried in dripping, weighed with bones and skin",JA,721,172,9.3,5.20,6.3,0.2,,16.3,180
16-166,"Whiting, in crumbs, fried in sunflower oil",JA,801,191,10.3,1.20,7.0,0.2,,18.1,200
16-167,"Whiting, in crumbs, fried in sunflower oil, weighed with bones and skin",JA,721,172,9.3,1.10,6.3,0.2,,16.3,180
19-641,"Wiener schnitzel, homemade",MR,897,213,8.5,1.15,13.4,0.7,0.2,21.2,117
17-812,"Wine, mulled wine, homemade",QE,651,155,0.2,0.06,20.2,20.2,0.4,0.3,4
17-752,"Wine, red",QE,315,76,0.0,0.00,0.2,0.2,0.0,0.1,7
17-754,"Wine, rose, medium",QE,329,79,0.0,0.00,2.5,2.5,0.0,0.1,4
17-755,"Wine, white, dry",QE,309,75,0.0,0.00,0.6,0.6,0.0,0.1,4
17-756,"Wine, white, medium",QE,313,75,0.0,0.00,3.0,3.0,0.0,0.1,11
17-757,"Wine, white, sparkling",QE,351,84,0.0,0.00,5.1,5.1,0.0,0.3,5
17-233,"Wine, white, sweet",QE,394,94,0.0,0.00,5.9,5.9,0.0,0.2,13
16-270,"Winkles, boiled",JM,306,72,1.2,0.20,Tr,Tr,,15.4,750
16-271,"Winkles, boiled, weighed with shells",JM,58,14,0.2,Tr,Tr,Tr,,2.9,140
17-723,Worcestershire sauce,WCN,480,113,0.1,Tr,28.3,21.5,Tr,1.4,1500
13-398,"Yam, baked",DG,651,153,0.4,0.10,37.5,0.9,,2.1,3
13-655,"Yam, flesh only, boiled in unsalted water",DG,504,118,0.2,0.07,29.3,1.9,2.3,1.6,Tr
13-397,"Yam, flesh only, raw",DG,488,114,0.3,0.10,28.2,0.7,,1.5,2
13-401,"Yam, steamed",DG,488,114,0.3,0.10,28.2,0.7,,1.5,1
17-517,Yeast extract,WY,763,180,0.4,N,3.5,1.6,0.0,40.7,4300
17-378,"Yeast, bakers, compressed",WY,226,53,0.4,N,1.1,Tr,N,11.4,16
17-379,"Yeast, dried",WY,717,169,1.5,N,3.5,Tr,N,35.6,50
12-377,"Yogurt, Greek style, fruit",BN,572,137,8.4,5.57,11.2,10.5,Tr,4.8,64
12-555,"Yogurt, Greek style, plain",BN,551,133,10.2,6.75,4.8,4.5,0.0,5.7,66
12-380,"Yogurt, low fat, fruit",BN,331,78,1.1,0.80,13.7,12.7,0.3,4.2,62
12-904,"Yogurt, low fat, hazelnut",BNH,387,91,1.5,0.58,16.0,14.9,0.9,4.4,58
12-379,"Yogurt, low fat, plain",BN,243,57,1.0,0.66,7.8,7.5,N,4.8,63
12-905,"Yogurt, low fat, toffee",BNH,386,91,0.9,0.62,18.0,16.8,0.0,3.8,67
12-529,"Yogurt, soya, non-dairy alternative to yogurt, fruit, fortified",BN,306,72,2.0,0.32,11.0,10.7,1.0,3.3,24
12-532,"Yogurt, virtually fat free/diet, fruit",BN,250,59,0.2,0.10,10.1,9.4,0.4,4.8,62
12-533,"Yogurt, virtually fat free/diet, plain",BN,230,54,0.2,0.10,8.2,7.9,0.0,5.4,71
12-375,"Yogurt, whole milk, fruit",BN,463,109,3.0,2.01,17.7,16.6,N,4.0,58
12-530,"Yogurt, whole milk, infant, fruit flavour",BN,378,90,3.7,2.45,11.1,10.4,0.2,3.8,46
12-184,"Yogurt, whole milk, plain",BNE,333,79,3.0,1.91,7.8,7.8,0.0,5.7,80
12-515,"Yogurt, whole milk, twin pot, not fruit",BN,623,148,5.6,3.20,21.5,18.2,0.3,4.2,100
12-531,"Yogurt, whole milk, twin pot, thick and creamy with fruit",BN,446,106,3.2,N,16.2,15.6,1.0,4.1,53
11-960,"Yorkshire pudding, made with semi-skimmed milk, homemade",AT,830,197,8.3,1.89,25.6,3.5,1.1,6.7,52
11-1135,"Yorkshire pudding, made with skimmed milk, homemade",AT,801,190,7.4,1.23,25.9,3.6,1.1,6.8,54
11-1146,"Yorkshire pudding, made with whole milk",AT,889,211,9.8,2.78,25.8,3.4,1.1,6.7,52
